Peptide,Label
AAAETGVGVIKSIAP,1
AAAGAVVGGLGGYMLG,1
AAAGDK,1
AAAGFMVLQDINCFRPHGVSAAQEKISFGKSSQCREAVGT,1
AAALPGKCGV,1
AAANTSDSQKE,1
AAAQHGHMHGS,1
AAARTTS,1
AAASAIQGNVTSIHSL,1
AAAVLNLT,1
AAAWGGSGSEAYQGVQQKWDATA,1
AACAGNRVRRSVGSSLKC,1
AACRAA,1
AADAILHTPGCVPC,1
AADHCPVVEVNGVTI,1
AADKPTLDIRMMNIEA,1
AADKPTLDIRMMNIEATNLAL,1
AADMIMHTPGCVPC,1
AADQLPNV,1
AAEAACFK,1
AAECPFLPKPKVA,1
AAEESKLPINPLSNSLLRH,1
AAEFTINKPK,1
AAEGATPEAKYD,1
AAEGGGQKQENT,1
AAESERFVRQGTGNDEAGAA,1
AAESQIRDVDFAAESANYSKANILAQSGSY,1
AAGAGPRVRQ + NAc(A1),1
AAGANPLGLKRGIEKAV,1
AAGFASKTPANQAISMIDGP,1
AAGGSYSSGDLGKKG,1
AAGLPGKCGVNVPYK,1
AAGNVNI,1
AAGTAAQAAVVRFQE,1
AAHASARQQWELQGD,1
AAHIPYLEQGMHLAEQFKQK,1
AAIGLSMAGSSAMILAAYHP,1
AAIGLSMAGSSAMILAAYHPQ,1
AAILEEDDSKDDMEF,1
AAINSVKDTTGVEASIDANGQLLLTSREGR,1
AAKEEPEESDEDDFGMGGLF,1
AAKGTPW,1
AAKLQD,1
AAKVLVEGNTDERGT,1
AALANSLSLGPQQKV,1
AALASLFLSGPQQK,1
AALERQAAAGWQPSP,1
AALFFFDID,1
AALFYAHKFNSSGCPERMAS,1
AALGDSLYGAASLNDFGILA,1
AALGHQHAHNEYQAKLAEKD,1
AALGVATAAQITAGI,1
AALIEEGQR,1
AALLQSAR,1
AALLQSARRG,1
AALTAENTAIKQRNENAKA,1
AALTKAITAMTQA,1
AALVSGTATAGWTFGAG,1
AANAHHAANAHH,1
AANAPPADKFKI,1
AANGGPATPAPPAPGPAPTGDTKPKKNKKPKNPPP,1
AANKYKTFVATFGAASNKAF,1
AANNAANAALTAENTAIKK,1
AANQDTAKVTIKVLAKVAGTTIQVPGLETDGCK,1
AAPANDKFTVFEAAFNDAIK,1
AAPARRTRKPQQPESLEECDSE,1
AAPKELRITMAS,1
AAPSLH,1
AAPVQEGVQQEGA,1
AAPYIEQAQ,1
AAPYIEQAQVIAHQ,1
AAQAALGLLQTASR,1
AAQGESSTQKVRPSHTNNPK,1
AARALAHGVRVLEDGVNYATGNLPA,1
AARQPDL,1
AARTTSG,1
AASDISLLDAQSAPLR,1
AASDYFADATLGKDISGLDE,1
AASEALDPHAFHLLLNTYGR,1
AASGDGTITFTGKVIDAPCG,1
AASGDPTSPDNIDS,1
AASGPKVVIDGKDQNVTGSV,1
AASKSCPLPQVRALESLESL,1
AASKTAYEAKLAQYQADLA,1
AASRAPSREGSRGRRSDSGDDLIARAAKIIQDQQK,1
AASVPE,1
AATGAGVIKSIAPGSANLNLTNITH,1
AATKMSECVLGQSKRVD,1
AATLGFGSFMSRAYG,1
AATSLLNN,1
AATVLQLPQGTTLPK,1
AAVAEAEG,1
AAVDSSKAALTSKLDAAYKL,1
AAVEQPEKPAAQPKKQQRKGRK,1
AAVLNLTT,1
AAVLNLTTWNPTLL,1
AAVVLPGLVGLAGGAATAGA,1
AAYFVGYLKPTTFMLKY,1
AAYIKLETKGSDPDTSFLEG,1
ACAAGNSSTKNLIYNLTLCEL,1
ACAAGNSSTKNLIYNLTLCELNVTGFQQHF,1
ACCNGIRNVN,1
ACGASNSSTKNLIKNLTLCELNVTGFQQHF,1
ACHNTSKPSNTDSVFSLTGK,1
ACHPLFDARCGGKS,1
ACKPLLREDVTFQV,1
ACKQNVSSLDEKNSVSVD,1
ACKRGPGSGFFSRLN,1
ACKSTQDPMFTPKGCDN,1
ACNTIGGYECGGGS,1
ACRAAK,1
ACSFSSIP,1
ACSFSSIPNG,1
ACSLPEEAHTAIHS,1
ACSLPQEARTAIHS,1
ACVAGDSSTKNLIYTSTLCELNVTGFQQHF,1
ACYCYGLPNWVKVWD,1
ACYLPFQLSCGGKS,1
ADAAPSPTPYLPRLS,1
ADALLEKG,1
ADAPPGSPAPPPPEHRGGPE,1
ADASLKMADPNRFRGKDLP,1
ADAVSRKKMD,1
ADCTLWFCPQTSN,1
ADDHPGAVAARNDVLSGFS,1
ADDMERIFKRFDTNGDGKISLSELTDALRTLGSTSA,1
ADDPLLR,1
ADDPLLRT,1
ADDTPYTLSFAPHRH,1
ADDVILHTPGCVPC,1
ADEELLKNIKNETGFQAQVVKD,1
ADEEQQQALSSQMGF,1
ADEVQRMMAEIDTDGDGFIDFNEFISFCNANPGLMKDVAKVF,1
ADGDALNKVLKAFQG,1
ADHPSYTAAKDEVLSHFSV,1
ADIDKLIDYAASGD,1
ADIGSVQNQVTSTINNITVTQVNVKAAESQ,1
ADINAVCPSELK,1
ADINNE,1
ADIVKYEPTASM,1
ADKSSILFLCDD,1
ADLAAVQKTNAANQAAYQK,1
ADLEKALEGAMC,1
ADLGDFENSAAAAETGVGVIKSIA,1
ADLGDFETSVADAATGAGVIKSIA,1
ADLIAAQKLASKP,1
ADLPQP,1
ADLVAAQKLATKP,1
ADPNRFRGKD,1
ADPNRFRGKNLP,1
ADPPFS,1
ADPQKQNSVSNDSVTINVYN,1
ADPSIMAK,1
ADPVPL,1
ADPVTTEGDYVVKISEFYGR,1
ADQAQYNQMH,1
ADQLPNVG,1
ADQTVEEHIGYLVKY,1
ADREYCKYTVCTYPG,1
ADRQTACNCLKNLAG,1
ADRYFTYEEPND,1
ADSAQDST,1
ADSGYCYWVHILCYC,1
ADSKGCKITCFLTAA,1
ADSLRSQANTLGQAISNGNDALGILQTADK,1
ADSVGGKD,1
ADTDGPPAQF,1
ADTIASGA,1
ADTIASGS,1
ADTIASGSQRSTNSASTSTTNNGESQTTTPTA,1
ADTQGS,1
ADTSRIGNCGPTIFLGVLED,1
ADVTITVNGKVVAKPC,1
ADWADWLDYP,1
ADYHRVMY,1
ADYHRVMYAS,1
AEAAGRRLAR,1
AEAEGGTW,1
AEAEKLMENVGSLDRLV,1
AEALSTEPKGAAVDSSKAAL,1
AEARAEFAERSVQKL,1
AEATKVAEAEKQKA,1
AEDAAEISVPAEIL,1
AEDEDNQQGQ,1
AEDKVKQLREAKKQVEKALEQLEDKVQL,1
AEDRPLCGSDNKTYG,1
AEDRPLCGSDNKTYGNKCNF,1
AEEAFDLWNECAKACV,1
AEEDEREISVPAEIL,1
AEEDKSVTEEIAEEDK,1
AEEDRKRREEADVRNQAE,1
AEEEEDDDMGFGLFD,1
AEEGSLDEGAVEEDPDKEGD,1
AEEKLKKKSSFYQS,1
AEELTPGRFRTIVC,1
AEENVEENVEEVEENVEENV,1
AEENVEH,1
AEEVEEERLK,1
AEEVKATPAGELQVIDKVDA,1
AEGCVGRVCDSRAMAVM,1
AEGDDPAKA,1
AEGDDPAKAAFDSLQ,1
AEGDTVIYSK,1
AEGEFATAPPSHYSWDPAK,1
AEGEFATASPTHYTSELDPAK,1
AEGEFCGFVWPFKCHRIGDPAK,1
AEGEFCSPPDSPGVCGDPAK,1
AEGEFDYAWDQTHQDPAK,1
AEGEFGLADLATLTFGSTDPAK,1
AEGEFKKFPGSSTPKDPAKAAFDSL,1
AEGEFKTLRNTNRLDPAK,1
AEGEFKTRRNTNYQDPAK,1
AEGEFKTSVRSVPRARPPINGDPAK,1
AEGEFKVPFRMLNRQVNGDPAK,1
AEGEFLSLKGSGGGQLRALVDPAK,1
AEGEFMGDICSWCYSSAPDPAK,1
AEGEFMSRTWLMKAHGIESWDPAK,1
AEGEFNSREWLSKAHGIEGMDPAK,1
AEGEFPEDTFPGSKLILSGDPAKAAFDSL,1
AEGEFPQDARFPGGGDPAK,1
AEGEFPSRMQFHGDQDYGDPAK,1
AEGEFPYLLPRRSREEAVDPAK,1
AEGEFRELLYEAFDDMEGDPAK,1
AEGEFRFWKVPDYDPPAAGGDPAK,1
AEGEFRLGVRALRKAPDPAK,1
AEGEFRSREQLSKLFGIDLTDPAK,1
AEGEFSPGVWKAAFQGDKLPDPAK,1
AEGEFSYDMLWMMTPQTGDPAK,1
AEGEFTTASPTHFLVPLDPAK,1
AEGEFYCSGPPDRVCWGPDPAK,1
AEGGTWRI,1
AEGQLG,1
AEGRAINRRVE,1
AEHARDHTLRFG,1
AEHQFKEKV,1
AEHQKLEEQNKISEASRK,1
AEHVDTSYECDIPIGA,1
AEIERMVREAAKYEA,1
AEIETCMKTITTILEWLEKNQLAGKDEYEAKNKEAESVCAPIMSKIYQD,1
AEIKKPQADSAWNWPKEYNA,1
AEKKLPKPPKKPSFCSAGDTTQYYFDGCMVQN,1
AEKKVEAKVEVAENNVSSVA,1
AEKQKAAEATKVAE,1
AEKQRLEDLGQKFERLKQRS,1
AELAAANDTIASLQTEL,1
AELGGQFHHKSENG,1
AELKSALQSCSAEPLDDDH,1
AELKSALQSCSAEPLDDDHVKAFLDK,1
AELLVALENQHTIDL,1
AELTGY,1
AELTGYGTVT,1
AENSAPTA,1
AEPKPAEPKS,1
AEPKSAEPKPAEPKS,1
AEPLLSC,1
AEPTAPATTTPPDEMATQAA,1
AERAVEVDPDDVNK,1
AESEE,1
AESLRAVIPPTTTP,1
AESPKKP,1
AESSG,1
AESVSQNN,1
AETFEYQIELGGELHVGLLW,1
AETGVGVIKSIAPASKNLDLTNITH,1
AETGVGVIKSIAPASKNLDLTNITHV,1
AETHL,1
AETHLFTG,1
AETHVTGGNAGRTTAGLVGLLTPG,1
AETIHELLVRM,1
AETRLNPDLQ,1
AEVDCSRFPNATDK,1
AEVDCSRFPNATDKE,1
AEVDCSRFPNATDKEGKDVL,1
AEVLKDAIKDLVMTKPAPTC,1
AEVSYVHVNGAK,1
AEYAAANP,1
AFAFAGNHVSPTHYVPESDA,1
AFAKPLASDPLF,1
AFAQAPTHQLSL,1
AFASNRTFDITVSGLGTAPK,1
AFASRGNHDSPTHYVPESD,1
AFASRGNHVAPTHYVTESD,1
AFASRGNHVAPTHYVTESDA,1
AFASRGNHVAPTHYVVESDA,1
AFASRGNHVSPAHYVPESDA,1
AFASRGNHVSPRHYVPESE,1
AFASRGNHVSPTHYVPESDA,1
AFASRGNHVSPTHYVPESDAAAR,1
AFDEMEECASHLPYIEQGMQ,1
AFDQATRVYQDLGGPSQAPLPC,1
AFDYSRPGLLDPVFA,1
AFFSFCETNG,1
AFFSILQDMRNTIM,1
AFGSIKDFKVQEAGGTTRGVFPYKRDAAGR,1
AFKGGNGAKKG,1
AFKVAATAANAAPANDKFTV,1
AFNPAY,1
AFNQFGPNAGQR,1
AFNRASD,1
AFPL,1
AFQGLFGGLNWITKV,1
AFQNRLESIK,1
AFRELADA,1
AFRELADALL,1
AFRLEEIAAI,1
AFRPSSSS,1
AFRRYQEE,1
AFRTPNPNKPPPARPGPIRP,1
AFSKIRDF,1
AFSVAAPVTVTR,1
AFSVPQANARSSENAESSA,1
AFTPDWMMEVAIDNE,1
AFVSTSSSRRYTEVY,1
AFVVFLLVTLAILTA,1
AGAGDV,1
AGAGGA,1
AGAGGGAGGAGAGGGAGGAG,1
AGAGGGAGGAGAGGGAGGAGA,1
AGAGRRVG,1
AGAHWGVLAG,1
AGAKSAIL,1
AGAPDRARGQYP,1
AGAPSAEQRER,1
AGARRGDLAHLAAAHARHLP,1
AGASDIRDQSRNWLPGPCYR,1
AGAVVGGLGGYMLGSAMS,1
AGCLIGAEHVDTSYECD,1
AGCTALSAVDDVPGC,1
AGDCAVRQ,1
AGDDDLDGDLNGDDRR,1
AGDGEPPEDDDSATGLAFRT,1
AGDLESSVDDPRSEEDKRFE,1
AGDQSYFL,1
AGDR,1
AGDRAGDR,1
AGDRAGDRAGDRAGDRAGDRAGDR,1
AGDSSTKNLIYTSTLCELNV,1
AGDVKT,1
AGEDAGDAVSPRQLA,1
AGEPYVIEQGMMDPAK,1
AGEVKANAEG,1
AGFGSALASLREAPP,1
AGFIYRETFCITTIYKTGQPAADHYYSKVTA,1
AGGAEG,1
AGGAGAGGGAGGA,1
AGGGHNGVFDFPDSG,1
AGGGQGQNNEGANAPNEDSV,1
AGGIAL,1
AGGLTTTWKEYSHDLQ,1
AGGQLFYSRPVVSANGEPTVKLYTS,1
AGGQLFYSRPVVSANGEPTVKLYTSVENAQ,1
AGGSGRP,1
AGGYKAADMWGPSSD,1
AGGYKAADMWGPSSDPAWER,1
AGHATLREHLRDIKAENTDA,1
AGIAYFSMVG,1
AGIDYMVKDPNNPGHMMVNPVLLNIPQG,1
AGISYTKTW,1
AGKALTGLSTGTSQNTRISLRP,1
AGKKESTVMTSGSA,1
AGKLGTVSYGEEKPA,1
AGKNQSQKKKK,1
AGKREM,1
AGKREMVIIT,1
AGLFLTTEAV,1
AGLLELNGW,1
AGNASRDGRPS,1
AGNTLMPAFSVPQ,1
AGPGVAGS,1
AGPRVRQPARPLGSAWRDQAQRPAV,1
AGQRMPRARYGLV,1
AGRDLL,1
AGRDRG,1
AGRMIPKG,1
AGRRVGGRRRGRSNSG,1
AGRRVGLS,1
AGSGASDL,1
AGSLQGQWRGAAGTA,1
AGTHTPGAT,1
AGTK,1
AGTN,1
AGTQTPVNGNSPWAPTAPLPGDMNPANWPR,1
AGVFVYGGSKTSLYN,1
AGVRRGDLAHLAAAHARHLP,1
AGWISPGG,1
AGYCNTECTLKKGSS,1
AGYSGGDIYHSVSHA,1
AHAAYLNATPAAKVL,1
AHAYSGYDVPDY,1
AHCIGITDRDFIEGV,1
AHETSLNAAGNSVIHYTNIN,1
AHFTDEFKRKNKGKDLSTNL,1
AHGIDPNIRTGVRTI,1
AHGINPNIR,1
AHGSETAWAD,1
AHGVDPNIRTGVRTI,1
AHHAAD,1
AHHAADAHHAADAHHAAD,1
AHHAADAHHAADAHHAADAHHAAD,1
AHIKKSKKGDKKFKGSVANMSLGGGSSRTLD,1
AHIRHHKMPVTNLRH,1
AHIRHHKMPVTTSAT,1
AHKWYSQWLPHR,1
AHLHIPRWNLMS,1
AHLKAYAKINEESL,1
AHLQGEPIEVDNLPEDMKRLQLDDKKPSGL,1
AHLRLPTRTSMPKVT,1
AHLSLRGLPVCAFSS,1
AHMFQRSPFQRYPNS,1
AHPLHPANLVANTVNAMFH,1
AHQWHFPRSRSTTTN,1
AHSSRLYSPTISKHR,1
AHTDFAGAEAAWGATLDTFFG,1
AHTTSDPWHPPG,1
AHWGVLAGIAYFSMV,1
AHWGVLAGIAYFSMVGNWAK,1
AHWVDWV,1
AIAKLEDAKELLESS,1
AIAYYRGKDSSIIKDGDLVVC,1
AICKRIPDKKPGKKT,1
AICWEPSPPWAPEILVYNKTISSSGP,1
AIDIEEPSGQ,1
AIDLPTHENHGLKTR,1
AIDNLRASLETTNQA,1
AIDREQSAAIREWA,1
AIDTRPW,1
AIEPCTVGHRRYFT,1
AIERMKDTLR,1
AIGIITLYLGAVVQA,1
AIGSANFHSYKKMSQFIDKK,1
AIIEVDNEQPTTRAQK,1
AIILLTCAVHPELI,1
AIIPDREVL,1
AIKATRVTELLYRLK,1
AIKDLKKPCITLGKAPDLNKAYKSVLSGMNAAKLDPDDVCS,1
AIKDTTSD,1
AIKKRNADAKADYEAKLAK,1
AIKSLT,1
AILSSLTVTQLLRR,1
AILTPTPVNPSTAPA,1
AIMGPPTKFSFSLFL,1
AINPESDQPDLSNF,1
AINRRVE,1
AIPHDIDLGESRVVIQDYD,1
AIPLEVIK,1
AIPTDPRNVGGDLDPSSIPD,1
AIPTNFSISITTEVMPV,1
AIREDNNITLKLDRCNNNNQYVS,1
AISSVLNDILSRLDKVE,1
AISTTFTTNLTEYPLSRVDLG,1
AITFGGLLGE,1
AITGGGEFTDSKGNVISVAS,1
AIVVEYSSSVKLT,1
AIYESRIIKRKYKNKDDKEV,1
AIYGAA,1
AIYHTENAYVSVVSSHYNR,1
AKAVAAWTLKAAA,1
AKAVYQQFVEFYEKVTGTDL,1
AKAVYQQFYEFYEKV,1
AKDISFQNYT,1
AKEASSYDYILGWEFGGGVPEHKKEEN,1
AKEFEAAA,1
AKEKLQEQQSDLEQERLAKEKLQEQQSDLEQERL,1
AKEVLKGY,1
AKFFADKPDESTLSPEMREHYEKFERMIKEHTEKFNKK,1
AKFSDTIGKRDEQIT,1
AKFTCAKSMSLFEVD,1
AKFVAAWTLKAAA,1
AKGHSLPRLVTS,1
AKGVEFR,1
AKIENAIRMISDQRANLGAFQNRLESIKDS,1
AKKKKPEKPH,1
AKKPAGKGSPSTLQTPG,1
AKKQVEKALEEANSKLAALE,1
AKKVPETFPELKPGESRHTS,1
AKLMPQLPGIPFVSC,1
AKLQDC,1
AKLTLVLTKCGSQIL,1
AKMLSTELH,1
AKNEVF,1
AKNKPTLDFELIKTEAKQPAT,1
AKPRKISVDRGNNGH,1
AKQPATLR,1
AKQYNICCKFKELLD,1
AKQYNICCKFKELLDKTSRT,1
AKREAIVKADEDDNEET,1
AKRKMDPDNPDEGPS,1
AKRLRSMHVFILDYD,1
AKSMDVRR,1
AKSSPYQKKT,1
AKSTWYGKPTGAGPKDNGGACGYKDVD,1
AKTRIINRRKRELS,1
AKTTLLKIL,1
AKVNIKPLEDKIL,1
AKWAVPTTRTDDKLR,1
AKYIPIQYVLSRYP,1
ALAALAEKSFPSSS,1
ALADPSLKMADPNRFRGKDLP,1
ALAELATKTFGSSG,1
ALAELATKTFGSSGSSAVDS,1
ALAELATRSFGSSS,1
ALALLLLDRLNQLESKV,1
ALANVYDLPDDFFP,1
ALDTSNKF,1
ALGALGRFDEAMQDQ,1
ALGGWGLHQPPPQIFLKILP,1
ALGLLQQASKQAEAAAPVV,1
ALGLLQTAS,1
ALGLTSLFSPGPIQH,1
ALGQRRADAVKGYLA,1
ALGVINTLEWIPRFK,1
ALHQALAGAIPVEFSSNTVK,1
ALHQALQDPRVRGL,1
ALHQSMLNSQAIDNL,1
ALHQVF,1
ALHQVFGAIYGAAFSGVSWT,1
ALIEEGQRM,1
ALINSTKIYSYFPSVISKVNQGA,1
ALKTELEDTLDSTATQQELR,1
ALLDPRVRGLYFP,1
ALLDPSQGMGPSLIGLAMGD,1
ALLLNQELLLNPTHQIYPVTQPLAPVHNPISV,1
ALLNPSRVYTFFSSDYVKK,1
ALLQSARR,1
ALLQSARRGE,1
ALLRFVNPDTGRVLFECKLHKS,1
ALNCYW,1
ALNDLCIKVNNWDLFFSPS,1
ALNDLCIKVNNWDLFFSPSEDNFTNDLNKGEEITSDTNIEAAEENISLDLIQQYYLTFNFDNEPENISIENLSSDIIGQLELMPNIERFPNGKKYELDKYTMFHYLRAQEFEHGKSRIALTNSVNEALLNPSRVYTFFSSDYVKKVNKATEAAMFLGWVEQLVYDFTDETSEVSTTDKIADITIIIPYIGPALNIGNMLYKDDFVGALIFSGAVILLEFIPEIAIPVLGTFALVSYIANKVLTVQTIDNALSKRNEKWDEVYKYIVTNWLAKVNTQIDLIRKKMKEALENQAEATKAIINYQYNQYTEEEKNNINFNIDDLSSKLNESINKAMININKFLNQCSVSYLMNSMIPYGVKRLEDFDASLKDALLKYIYDNRGTLIGQVDRLKDKVNNTLSTDIPFQLSKYVDNQ,1
ALNDLCIKVNNWDLFFSPSEDNFTNDLNKGEEITSDTNIEAAEENISLDLIQQYYLTFNFDNEPENISIENLSSDIIGQLELMPNIERFPNGKKYELDKYTMFHYLRAQEFEHGKSRIALTNSVNEALLNPSRVYTFFSSDYVKKVNKATEAAMFLGWVEQLVYDFTDETSEVSTTDKIADITIIIPYIGPALNIGNMLYKDDFVGALIFSGAVILLEFIPEIAIPVLGTFALVSYIANKVLTVQTIDNALSKRNEKWDEVYKYIVTNWLAKVNTQIDLIRKKMKEALENQAEATKAIINYQYNQYTEEEKNNINFNIDDLSSKLNESINKAMININKFLNQCSVSYLMNSMIPYGVKRLEDFDASLKDALLKYIYDNRGTLIGQVDRLKDKVNNTLSTDIPFQLSKYVDNQRLLSTFTEYIKNIINTSILNLRYESNHLIDLSRYASKINIGSKVNFDPIDKNQIQLFNLESSKIEVILKNAIVYNSMYENFSTSFWIR,1
ALNELNSFGDLINP,1
ALNGNGDPNNMDKAVKLY,1
ALNIWDRFDVFCTLGATTGYLKGNS,1
ALNNRFQIKGVELKS,1
ALNYQAQALEEIIKYRYNI,1
ALPDYASQPGKPPR,1
ALPKNTVGGTIL,1
ALPVWARP,1
ALQEQCRFPNITNSHVPILQERP,1
ALSRCTLNRNALRRP,1
ALSRLVLRRNALRRP,1
ALSSQGGMSPEPTPL,1
ALSTGLIH,1
ALSTGLIHLHQN,1
ALSTQQEPFRDLKKYLPSKDKSVVSLQDRA,1
ALTGAMRVTKDTNDN,1
ALTGAT,1
ALTGCR,1
ALTPTLAARN,1
ALTTQKGAPWGLGSISHKGQASTDYIYD,1
ALVNIPISNNLA,1
ALVNNSHTMPLW,1
ALVNSPLTRAPM,1
ALVNWHGVYNYR,1
ALVPDKEVL,1
ALVREGLRNV,1
ALVVSQLLR,1
ALYASTLPPYPR,1
ALYTDEDLLFDLEKQK,1
AMAAWSERAGEA,1
AMDAWNQPSGISSPPSPSLN,1
AMDHEGCKFSCFIRP,1
AMDPIYDEPTTTTSVPL,1
AMEDIKQMEA,1
AMEKLGQDSQALGQAIYEATQAASK,1
AMEQMAGSSEQAAEAMEVASQARQMVQAMRTIGTHPSSS,1
AMFTCK,1
AMININKFLNQCSVSYLMNSMIPYGVKRLEDFDASLKDALLKYIYDNRGTLIGQVDRLKDKVNNTLSTDIPFQLSKYVDNQRLLSTFTEYIKNIINTSILNLRYESNHLIDLSRYASKINIGSKVNFDPIDKNQIQLFNLESSKIEVILKNAIVYNSMYE,1
AMKPDLQNTLMAVPR,1
AMMIARFKMFPEVKEKGMAA,1
AMQMAYRF,1
AMQWNSTAFH,1
AMRVTKDTNDNNLYK,1
AMSRPMIHFGNDWEDRYYRENMYRY,1
AMSRPMMHFGNDWEDRYYRENMNRY,1
AMSRPMMHFGNDWEDRYYRENMNRYPNQVYY,1
AMTPTVATRDGKLPATQLRR,1
AMTQAQKAGKPA,1
AMVKLQ,1
ANAANEADYQAKLTAYQTE,1
ANAEALNNLL,1
ANANNAVKN,1
ANANRDTDRDGIPDE,1
ANARSSENAESSA,1
ANASNDSSSHLQLIYNLTLCELNGTDWLAN,1
ANCASILCKCYTTGT,1
ANDHLSILEAWSDNDTPYLHD,1
ANDPPP,1
ANDQGNRTTPSYVAFTDSERL,1
ANDVDNSNPVVQAEQLNWL,1
ANEECRNAMRHLRPEDTLEEKMYACRDIG,1
ANEGAPSSRFHP,1
ANETIYNTTLKYGDV,1
ANETIYNTTLKYGDVVGVNT,1
ANGAGGNQPANGAGGNQPANGAGGNQP,1
ANGAGNQPG,1
ANGAGNQPGANGAGGQAA,1
ANGAGNQPGANGAGNQPG,1
ANGAGNQPGANGAGNQPGANGAGNQPG,1
ANGAGNQPGANGAGNQPGANGAGNQPGANGAGN,1
ANGAGNQPGANGAGNQPGANGAGNQPGANGAGNQPG,1
ANGAGNQPPGEDGAGNQPG,1
ANGGASGQVK,1
ANIQLVEKDKALSNA,1
ANKEGIVWVATEGALN,1
ANKKRTLGAREVQTAVRIVL,1
ANLFSGEGAQTAQ,1
ANLGAFQNRL,1
ANLVGMTFRA,1
ANNSANNGKKNNAEE,1
ANPGADAE,1
ANPNPYTSRRSV,1
ANPPDH,1
ANPPDHSAPLGVTRPSAPPL,1
ANPPDHSAPLGVTRPSAPPLPHVVDLPQLGPRR,1
ANPPPASTNRQSGRQ,1
ANPVCRLWMCPPIV,1
ANQPGH,1
ANQPGHLAPLGEIRPSAPPL,1
ANQPGHLAPLGEIRPSAPPLPPVADLPQPGLRR,1
ANRAVKPTGSAAIGL,1
ANRAVKPTGSAAIGLSMAGS,1
ANRHVKPTGSAVVGL,1
ANRMAAEAQKQVKSLQSL,1
ANTANPDWDFNPNKD,1
ANVPPADKYKTFEAA,1
ANVVGTRQ,1
ANVVQRNAPSWGLSRISSKKSGATDYVYDSTAGEGIV,1
ANYKFTLV,1
APAEPEAPAPETEKAEEVEK,1
APAHDTPPVPDVDSRGAILRRQYNL,1
APAPTPTFAGTQTPVNGNSP,1
APARQLP,1
APAVKYTVFETALKKAITAM,1
APCIPYVRGG,1
APDKEILYEAFDEM,1
APDKEVLYEAFDEM,1
APDTR,1
APDTRP,1
APDTRPAP,1
APDYVPPTVHGCALPPR,1
APEARQ,1
APEARQAIKSLT,1
APEARQAIRSLT,1
APEDQSPETRRLLDRLSR,1
APENAYQAYAAPQLFPVSDITQ,1
APENKGTG,1
APETEK,1
APGANQEGGAAAPGANQEGGAA,1
APGANQEGGAAAPGANQEGGAAAPGANQEGGAA,1
APGEKDGKIVPA,1
APGGGF,1
APGICIDVDNEDLFFIADK,1
APGICIDVDNEDLFFIADKNSFSDDLSKNERIEYDTQSNYIENRSSIDELILDTNLISKIELPSENTESLTDFNVDVPVYEKQPAIKKIFTDENTIFQYLYSQTFPLDIRDISLTSSFDDALLFSNKVYSFFSMDYIKTANKVVEAGLFAGWVKQIVDDFVIEANKSSTMDKIADISLIVPYIGLALNVGNETAKGNFENAFEIAGASILLEFIPELLIPVVGAFLLESYIDNKNKIIKTIDNALTKRDEKWIDMYGLIVAQWLSTVNTQFYTIKEGMYKALNYQAQALEEIIKYKYNIYSEKEKSNINIDFNDINSKLNEGINQAVDNINNFINECSVSYLMKKMIPLAVEKLLDFDNTLKKNLLNYIDENKLYLIGSAEYEKSKVDKHLKTIIPFDLSMYTNNTILIEIFNKYNSEILNNIILNLRYRDNNLIDLSGYGANVEVYDGVELNDKNQFKLTSSTNSEIRVTQNQNIIFNSMFLDFSVSFWIRIPKYKNDG,1
APGICIDVDNEDLFFIADKNSFSDDLSKNERIEYNTQSNYIENDFPINELILDTDLISKIELPSENTESLTDFNVDVPVYEKQPAIKKIFTDENTIFQYLYSQTFPLDIRDISLTSSFDDALLFSNKVYSFFSMDYIKTANKVVEAGLFAGWVKQIVNDFVIEANKSNTMDKIADISLIVPYIGLALNVGNETAKGNFENAFEIAGASILLEFIPELLIPVVGAFLLESYIDNKNKIIKTIDNALTKRNEKWSDMYGLIVAQWLSTVNTQFYTIKEGMYKALNYQAQALEEIIKYRYNIYSEKEKSNINIDFNDINSKLNEGINQAIDNINNFINGCSVSYLMKKMIPLAVEKLLDFDNTLKKNLLNYIDENKLYLIGSAEYEKSKVNKYLKTIMPFDLSIYTNDTILIEMFNKYNSEILNNIILNLRYKDNNLIDLSGYGAKVEVYDGVELN,1
APGICIDVDNEDLFFIADKNSFSDDLSKNERIEYNTQSNYIENDFPINELILDTDLISKIELPSENTESLTDFNVDVPVYEKQPAIKKIFTDENTIFQYLYSQTFPLDIRDISLTSSFDDALLFSNKVYSFFSMDYIKTANKVVEAGLFAGWVKQIVNDFVIEANKSNTMDKIADISLIVPYIGLALNVGNETAKGNFENAFEIAGASILLEFIPELLIPVVGAFLLESYIDNKNKIIKTIDNALTKRNEKWSDMYGLIVAQWLSTVNTQFYTIKEGMYKALNYQAQALEEIIKYRYNIYSEKEKSNINIDFNDINSKLNEGINQAIDNINNFINGCSVSYLMKKMIPLAVEKLLDFDNTLKKNLLNYIDENKLYLIGSAEYEKSKVNKYLKTIMPFDLSIYTNDTILIEMFNKYNSEILNNIILNLRYKDNNLIDLSGYGAKVEVYDGVELNDKNQFKLTSSANSKIRVTQNQNIIFNSVFLDFSVSFWIRIPKYKNDG,1
APGLPWALQGKRRGA,1
APGPDGNNGAQGPPGLQGVQGGKGEQGPAGPPGFQGLPGPAGTAGE,1
APGPGEVW,1
APGQCNMVVERLGD,1
APGRVPALLIPPWAW,1
APHLPYIEQGMQLAEQFKQK,1
APHRVLATVYNGECRYSRNA,1
APIDTCISECITPNGSI,1
APITAYAQQTRGLLG,1
APKATTDEQKMIEKINVGFK,1
APKEAELD,1
APKKAAAKRAAKKSAPKKAV,1
APKKAVKKAVKAAKKAVKKA,1
APKS,1
APLGEI,1
APLGVT,1
APLSPLLPLQDGTNTHIMATEASNY,1
APLSPLLPLQDGTNTHIMATEASNYAQYRV,1
APLTAVAPAHDTPPVPDV,1
APLTAVAPAHDTPPVPDVDSRGAIL,1
APLTRGSCRKRNRSPER,1
APMFITGREMLASIDTLK,1
APMIVTGGGMLAAINTLK,1
APMSTPSATSVR,1
APNADTIA,1
APPGSPAPPPPEHRGGPEEF,1
APPLLPHSNLDHIL,1
APPLPH,1
APPLPP,1
APPLRAWKSRARAV,1
APPLRTWKSRARAV,1
APPMPPQPPRAHGQHYGHHHHQLPFLG,1
APPPPEHRGGPEEFEGAGDG,1
APPQA,1
APPSQPFPWTHCYQPRL,1
APPTLPQPPCAHGQHYGHHHHQLPFLG,1
APQIVRGASEDVRKQPYNLTIA,1
APQPGPQPPQPPQPQPEAPAPQ,1
APRITFGGPTDSTDNNQN,1
APRIVLDVAS,1
APSLPAGYL,1
APSQGGVNSPVNV,1
APSQGGVNSPVNVTTTVDANTSLAKIENAIRMISDQRANLGAFQNR,1
APSRPFSVLRANDVLWLSLTAAEYDQSTYG,1
APSSPGTPGVAAATQAANGG,1
APSWGLSRI,1
APTGDTKPKKNKKPKNP,1
APTHWCYYPPLI,1
APTHYVTESDASQR,1
APTIEAITRPIQVA,1
APTQCSQTWPCPSHL,1
APTTPPPTSTHATPRPTTPG,1
APTYSWGA,1
APTYSWGE,1
APVDSVFDRAFSAYL,1
APVQEGVQQE,1
APVTVTRFVNAS,1
APYHFDLSGHAFGAM,1
APYIEQAQV,1
AQAANGGASGQVKVTKVT,1
AQAAVVRFQEAANKQ,1
AQAFDYVPAWVV,1
AQAHTTRGLTNLFSSG,1
AQEPPRQ,1
AQFDQIASGLSQERN,1
AQFPFNASDSVGQQ,1
AQGQYSNTLLRIYRDNKSIN,1
AQGQYSNTLLRIYRDNKTIN,1
AQGRNVRTFTSFFSPG,1
AQKFNGLTVLPPLLTDD,1
AQKKIIAEKT,1
AQKKIIAEKTKI,1
AQKLAEIDQLTADKAKA,1
AQKVARTL,1
AQLAPPSAASAFVGA,1
AQNFRNIMHGSDSFFYTFTS,1
AQPGYPWP,1
AQPGYPWPLY,1
AQPGYPWPLYGNEG,1
AQPHEPGSYTNVFDHLDWIK,1
AQPHEPGSYTNVFDHLDWIQ,1
AQPHKPGSYTNVFDHLDWIK,1
AQPKLAAA,1
AQPKSA,1
AQPREPGSYTNVFDHLDWIK,1
AQPVKIDNASPAST,1
AQPVLQTLCAQPSNTVTCGQHVTLYCSTSGNNVT,1
AQRAIDSQNMTKAAQSLNSI,1
AQRVEFLLKAWAEK,1
AQSAKFPQFKPEEM,1
AQSRNVRTFTGLFTSG,1
AQSTMKAEELTPGR,1
AQSVPYGVSQIKAPA,1
AQTASGLVSM,1
AQTFLATCINGVCW,1
AQVATVSS,1
AQVIAEHQF,1
AQVLSEMVMCGGSLY,1
AQVTLPIRTPNA,1
AQVVKDYFTLKGAAAPVAHFQG,1
AQYAAQNRRGLDLLFW,1
ARAAWETARHTPVNS,1
ARATIRYRPLVPNAVGGYAISISFW,1
ARATIRYRPLVPNAVGGYAISISFWPQTTT,1
ARDDIQKDINKMESELINVSNEINRLD,1
ARDLICAQKFNGLTVLP,1
ARDVLAVVSK,1
AREAFRRY,1
AREQSCRRPNAQRFGISNYCQIYPPNANKIREALAQPQRYCRH,1
AREQSCRRPNAQRFGISNYCQIYPPNANKIREALAQTHSAIAV,1
AREQSCRRPNAQRFGISNYCQIYPPNVNKIREALAQTHSAIAV,1
ARFLAEEADRKYDEV,1
ARGACVTIMTVDNPASTTNKDKLFAVWKITYKDTV,1
ARGSLAVTI,1
ARGYISTRVEMGEAA,1
ARIAGINIPDHKHAVIALTSIY,1
ARIYYRYDGFAY,1
ARLIVF,1
ARLPPSLHL,1
ARNIHVEAGEATGLAWDPWWTVINK,1
ARPDYNPL,1
ARPKQRRPQGLPNNT,1
ARQAIK,1
ARQKLKDAER,1
ARQPDLI,1
ARQPYGFFLETEEVYQPG,1
ARQQTVSALE,1
ARQQTVSALEDKLA,1
ARRPEGRT,1
ARRRGDSTASLLSP,1
ARSATTTS,1
ARSLATLFSPGARQQ,1
ARSLDWTKVTLDGRPLSTIQQYSKT,1
ARSLVNLFTPGARQN,1
ARSVLETLAGHVDALG,1
ARTEGIIGKEWYKMVFNDFD,1
ARTGEG,1
ARTMQYVD,1
ARTTSGL,1
ARWVEW,1
ASAACR,1
ASAFSRPGLPVEYLQ,1
ASALEEEE,1
ASAPTAAAAASGGAAAPAAAAEEEEDDDMGFG,1
ASAPTAAAAASGGAAAPAAAAEEEEDDDMGFGLFD,1
ASARGDLAHLTTT,1
ASARGDLAHLTTTHARHLP,1
ASATKDGSHYKITGTATGVD,1
ASCPVQQYPSGPCEASVCDT,1
ASDILTTLSSTTETAAPAVADARKPPSGKKK,1
ASDLRSSS,1
ASFDRS,1
ASFEAQGALANIAVDKA,1
ASFFD,1
ASFRLFARTRSMWSF,1
ASGAKEEAEKKAAEQRALL,1
ASGASAVGFRERSPTEQKTCDDVNTEPVVPGREQPRAE,1
ASGGSVASGGSVASG,1
ASGKEAKVCTISPIMGYSTP,1
ASGLTSLFSPGSKQH,1
ASGLVSMFSV,1
ASGQ,1
ASGQVK,1
ASHAHKSHRKPKRSWNVYVG,1
ASHLEQYGTNEYS,1
ASHLPYFEQGMQLAEQFKQK,1
ASHLPYIEQGMHLAEQFKQK,1
ASHLPYIEQGMQLAAEFKQK,1
ASHLPYIEQGMQLAEQFKQK,1
ASHLPYIEQGMQLAEQLKQK,1
ASHLPYIEQGVQLAEQFKQK,1
ASHPLGRCLSHT,1
ASHTVKPRHHPTQRR,1
ASICQMFCFWRGDLVFDFQV,1
ASIDNINKNINCINNDVDNINSNINNINDNIHKINSNVYGN,1
ASIDWREYGYVTEVKDQGNC,1
ASILCKCYTTGTIIN,1
ASINKFVV,1
ASINKFVVLISATLVLSFAI,1
ASINKV,1
ASKAALIEEGQRMAEMLKSK,1
ASKATLIEEGQRIAEMLKSK,1
ASKLCLGWLWG,1
ASKNLDLTNITHVE,1
ASLEDAKKEGPYDVVVLPGGNLG,1
ASLKDALLKYIYDNRGTLI,1
ASLKMADPNRFR,1
ASLKMADPNRFRGKD,1
ASLLTTAEVV,1
ASLQEILTRL,1
ASLQNLLSAS,1
ASLREAPPA,1
ASMLGTVTNSPGVPAVPWGA,1
ASNTSPASAPNALTVAAINKSNARASFSNYGSVVD,1
ASPTGYDWRADW,1
ASQASNVFQGVFLTNNMLQHDC,1
ASQASNVFQGVFLTTPMQKDDC,1
ASQKIQLI,1
ASQKIQLV,1
ASQKRPSQR,1
ASQKRPSQRHGSKY,1
ASQKRPSQRHGSKYLATAST,1
ASQLPYIEQGMQLAEQFKQK,1
ASQPGSSEPSNPVSSGHSVSTVSVSQTSTSSEKQDTIQ,1
ASRAALIEEGQRIA,1
ASRAALIEEGQRIAEMLKSK,1
ASRAALLEEGQRIAEMLKSK,1
ASRDKAFAVSKDLADKL,1
ASREAK,1
ASREAKKQVEKA,1
ASREAKKQVEKALE,1
ASRGNHVSPTHYVPESDAAARVTAI,1
ASRGTSMDDEAD,1
ASRQAEVIA,1
ASSAAEFLAAFNVFSEAARC,1
ASSAVDDAPWAVITF,1
ASSEEETPAWMMEGVFEAW,1
ASSGIGPE,1
ASSGIGPEKA,1
ASSHRALARLRTACERAKRT,1
ASSRSSSRSRGNSRNST,1
ASTAAPPYTNEQAYQMLLAL,1
ASTGGAYQSYKFIPALEAAV,1
ASTNRQSGRQPTPISPPLRDSHPQ,1
ASTTNCIGSQCLMTN,1
ASVASGASGGSGNSK,1
ASWAIKWEYVVLLFLLLADA,1
ASWDWRKKGV,1
ASWFTALTQHGKEELRFPRGQ,1
ASYKVMTRSSHQSLV,1
ASYNKSLGAAPIRTQPRWNY,1
ASYVKKPKEDVD,1
ATAANAAPTNDK,1
ATALDTSN,1
ATALDTSNKFADFLQI,1
ATALPKNETPEVTKAEETKT,1
ATAPPTHFW,1
ATCDKLFGYYERGIPLPCAL,1
ATCMQADLEVMTST,1
ATCMQVNLEIMTST,1
ATDKEGKDVLVCNK,1
ATDLLAAYPLYSPSL,1
ATEEVGAAKIPAGELQIVDKIDAAFRIAATAANAAPVNDKFTV,1
ATEINDNSWKDTLS,1
ATEKSNVVRGWV,1
ATELNNALQNLARTISEAGQAMAS,1
ATEVEQKE,1
ATGFKQSSKALQRPVAS,1
ATGLRNVPQIESRGLFGAIAGFIEG,1
ATGNLPGCSF,1
ATGNLPGCSFSIFLL,1
ATGVDMANPMSPVNKSFEIE,1
ATGWQTIDGKKYYFNTNTAEAATGWQTIDGKKYYFNTNTAIAST,1
ATHFMRI,1
ATLCSALYVG,1
ATLCSALYVGDLCGS,1
ATLEPKTGPRDGGTV,1
ATLRKY,1
ATLRKYCI,1
ATLSALLPVHPR,1
ATLVVNRIRGGF,1
ATMILAYAMRVPEVI,1
ATMPCLSHPSVCKHLY,1
ATNGDTHLGGEDFDN,1
ATNREKMI,1
ATPERPRL,1
ATPYHPPATP,1
ATQAATVAVTPEETAVASPP,1
ATQAGRFSITPAAPSYTLKL,1
ATREEVKAAIP,1
ATRPNAATASAP,1
ATRQAQDIQ,1
ATSGLVMLCIHGSPVNSYTNTPYTGALGLL,1
ATSRSTMQLASFFTPG,1
ATSRSTSQLTSLFSFG,1
ATSSYTFSYIAQE,1
ATTKLAEASQAADES,1
ATTVPAS,1
ATVLAQALVREGLRN,1
ATVSSNGD,1
ATVSSQSF,1
ATVSSQSFRR,1
ATWSRPIYFDIT,1
ATWVCGPCT,1
ATYDISRVEHAIVYHIYSTGRLSSYYYP,1
ATYTTGGAQS,1
ATYTTGGAQSHTLRGVTSFFSPGASQKIQLI,1
ATYTTGGSAAKTAHRLASFFTVGPKQD,1
ATYTTGGTAGHYTSKFASLFSSGSSQKIQLI,1
AVAADNSSTKNLTSNLTLCELNVTGFQQHF,1
AVAASNNPELTTLTAALSGQ,1
AVADVTPKQLKAAL,1
AVAEAEGG,1
AVALADLGDFENSA,1
AVAPAHDTPPVPDVDSRGAILRRQYNLSTS,1
AVARSAQSLTSLFVSG,1
AVASPPATASVESSPLPAAA,1
AVASRRRPTTAGAAPLTAVAPAHDT,1
AVAVSPPAAAGDLVGPGCAE,1
AVAYPVSAYVPAWVS,1
AVCLGGLIGIPALIC,1
AVDSAARIHDFRYSQLAKLG,1
AVDTGSGGGGQPHDTAPRGARKKQ,1
AVEVDPDDVN,1
AVEVDPDDVNKNTL,1
AVFVTLYMPQLSY,1
AVFVTSEMPQLPY,1
AVFVTSFLPQLSY,1
AVGIMTVTMTFKLGPRKATG,1
AVGPGRWDED,1
AVGPN,1
AVGYRASRTVSLFSPG,1
AVIEPIVAT,1
AVIEPIVATNWQKL,1
AVILLMCAVHPTLV,1
AVIRGKKGSG,1
AVIRRANNVLKNEMKRYKGL,1
AVITWRALNK,1
AVKDSKSRG,1
AVKLQNNELSPVALR,1
AVLEDPYILLVSSKVS,1
AVLFFGRCVS,1
AVLHTA,1
AVLLGACS,1
AVLLGACSFS,1
AVLNLTTW,1
AVLRDC,1
AVLTGYSLFQKEKMVLNEGTS,1
AVLTSMLTDPSHITA,1
AVLTSMLTDPSHITAETAKR,1
AVMRERGVYDTV,1
AVNDT,1
AVNHIH,1
AVPLYNRFSY,1
AVPNLRGDLQVLAQKVARTL,1
AVPNVRGDLQ,1
AVPTGVAFWLYNDHD,1
AVQAFILTGGKSKQTEGLLL,1
AVQGFNW,1
AVRTKLKLTPIAAAG,1
AVSLDFSPGTSGSPI,1
AVSVDCSEYPKPDCT,1
AVTFASFDVPSKQPT,1
AVTFSKG,1
AVTGID,1
AVTKGTINDPEA,1
AVTKGTINDPQAAKEALDKY,1
AVTLAHELIHAGHR,1
AVTMGPKGRT,1
AVTPLGPPAAEY,1
AVTPLGPPDAEY,1
AVTPTVATRDGKLPT,1
AVTRGTINDPQRAKE,1
AVTRGTINDPQRAKEALD,1
AVTRGTINDPQRAKEALDKY,1
AVTRGTINDPQRAKEALDYE,1
AVVAPDKEVLYEAFDEMEEC,1
AVVAVPSYIPTWIG,1
AVVGGLGGY,1
AVVLKAGNEGLE,1
AVVYNNEGTNVELG,1
AVYYCTRGYHGSSLY,1
AWDFGS,1
AWDFSSAGGFFTSVG,1
AWDMMMNWS,1
AWGDK,1
AWGGSGSEAYQGVQQKWDATATEL,1
AWITEDCPVP,1
AWLVHR,1
AWLVHRQWFLDLPLPW,1
AWPACYCYGLPDSVK,1
AWPACYCYGVPDHIK,1
AWPAGAGR,1
AWYYVPLGTQ,1
AYANSTQEETF,1
AYAQQTRGLLGTIVT,1
AYEQPIERTVVGHQTLRDIFVWG,1
AYESGYNLP,1
AYFLYQQQGRLDKL,1
AYFPREGVFVFNGTSWF,1
AYFYPELFRQ,1
AYFYPELFRQFYQLDAYP,1
AYGGIIKDAPPGAGFIYRETFC,1
AYICWNYDNAYCDKL,1
AYKSAEGATPEAKYDDYVAT,1
AYLSPIDLNQLAK,1
AYLTEAKVEKL,1
AYLTVGDVNTQGISGDSKKLASEES,1
AYNAAGGH,1
AYPDV,1
AYQKALAAYQAELKRVQEA,1
AYQQGVTVDSIGMLPRFIPE,1
AYQVRNSTGLYHVTNDCPNS,1
AYRFNGIGVTQNVLY,1
AYSMSFSWDWSGHNY,1
AYSNCYPYDVPDYASLR,1
AYSNNTIAIPTNFSISI,1
AYSPASKTF,1
AYSPASKTFESYRV,1
CAALANSLSLGPQQKV,1
CAALASLFLSLGPQQK,1
CADARMYGVLPWNAFPGKVC,1
CADGYTAETINEAIIKICG,1
CADSWGLDLRC,1
CADVSQPVC,1
CAEETKNGGVPFKCKNN,1
CAGFEKIPC,1
CAHKVEQGASVDKRH,1
CAISGGYPVC,1
CAKKVWRDHRGTI,1
CAKSMSLFEVDQTKI,1
CAKSPRYTLD,1
CALAATDVGHKKENAANVNGTVG,1
CALGLTSLFSPGPIQH,1
CAMFTC,1
CANLLLQYGSFCTQLNRALSGIA,1
CAPESIEFPVSEARVLED,1
CAQQWPEWYPC,1
CAREYGTNRWVC,1
CARPHGASEESQSVTFNKPLNTPQ,1
CARSLATLFSPGARQQ,1
CARSLVNLFTPGARQN,1
CASGLTSLFSPGSKQH,1
CASHLPYIEQGMQLAEQFKQKA,1
CASKAALIEEGQRMAEMLKS,1
CASYHTVSLLRSTSQKS,1
CAVFVRSGQPVIGA,1
CAVRQHRL,1
CCDLAP,1
CCDLAPEARQAIKS,1
CCDLDPQARVAIKS,1
CCNGIRTINGLARTT,1
CCNLEPEARKVISS,1
CCPDKNKS,1
CCRGRCNKKGEQVGM,1
CCRHKQKDVGDVKQTLPPS,1
CCRHKQKDVGPVKQTLPPS,1
CCRHKQKIIAPAKQLLPPSGSGRRGDMGSLAARVVKQPCG,1
CCRHKQKIVAPVKQTLPPS,1
CCRHKQKIVAPVKQTLPPSVPNLRGDLQVLAQKVARTPCG,1
CCRHKQKIVDPVKQTLPPS,1
CCRHKQKIVGDVKQTLPPS,1
CCRHKQPLIAPAKQLLPPSASARRGDLAHLAAAHARHPCG,1
CDCDRTAA,1
CDGYCKTHLKASSGY,1
CDICTNTMDVIKKML,1
CDIKDPIRLEPGGPD,1
CDIPIGAGICASYHTVS,1
CDLAPE,1
CDNPASTTNKDKDNPASTTNKDKDNPASTTNKDK,1
CDPLDDAC,1
CDPPIDLDC,1
CDPQPDFSC,1
CDPTMDY,1
CDQTTGETIYTKKTCTVSEEF,1
CDSSDRPRVYTIT,1
CDTAGLAGLFNLGPKQT,1
CDTATRTYSVQVRGSMDYVS,1
CDWYFVPTDEGWTND,1
CECTKPDSYPLFDGIFCSSSN,1
CEDTITYKCPLLRQNEPEDIDCW,1
CEEMLDNRATLQAIA,1
CEKAKRAVRGRQDRPKEFP,1
CEKDERFFSDKIAK,1
CEKMAL,1
CEQIREAI,1
CEQVLRLAVVTSTEGIHQLQ,1
CESSLCLMYSLGPPA,1
CETDDLDEEDTSIYLSPPPVPPVQVVAKRLPRPDTPRT,1
CETEFSKL,1
CETEFSKLY,1
CEYNVFHNKTFELPRA,1
CFDPQIQAIVSSPCHN,1
CFDVFKELK,1
CFDYAPYVSAVDDIC,1
CFEIKCTKPEACSGEPVVV,1
CFGKDLKRPGSSPMEV,1
CFGNSEY,1
CFIRPAGFCDGYCKT,1
CFIRPSGYCGRECGI,1
CFKGVRLDGTPC,1
CFKKPPKYPPALPI,1
CFLLFSGCFALREQA,1
CFLNISNTHVSV,1
CFNPAHTLTLSQP,1
CFPYCYPSESA,1
CFQQACKGKIQALCE,1
CFQQACKGKIQALCENPEWAPLKDNRIPS,1
CFQQACKNKIQALCENPEWAPLKDHRIPS,1
CFRGLDVAGNVC,1
CFRHLDER,1
CFVHGTMGHFILAKCPPGEF,1
CGAATSLL,1
CGAVIDDC,1
CGDELEAETQNVYAAGC,1
CGDELEAETQNVYAAPNANPYSLFQKEKMVLPNANPPANKKNAGC,1
CGELGVDC,1
CGETGIDSQSQGSFQAPQSSNS,1
CGFADLMGYIPLVGAPLGGAARALA,1
CGGLTNLFSLGSQQKV,1
CGGTPPSLPTC,1
CGGTRRPIASC,1
CGGVAGLFKMGSQQKL,1
CGGVHFAYC,1
CGIKKGSSGYCAWPA,1
CGIVPASQVCGPVYCFTPSP,1
CGKKSKEFHPDKGGDEEKMKKMN,1
CGKYLFNWAVRTKLK,1
CGLFGK,1
CGLFGKGSIVACAKF,1
CGLRAPQRCDLDVES,1
CGMFTGLFNQGAQQKL,1
CGNANPNANPNANPNANPGC,1
CGNGTPNELGGANIPAEFLE,1
CGPFFLAASVC,1
CGPFFLSPTSC,1
CGPFYLSAPQC,1
CGPKLSTDLIKNQCVNF,1
CGPKLSTDLIKNQCVNFNFNGLTGTGVLTPSSKRFQPFQQFG,1
CGPKLSTDLIKNQCVNFNFNGLTGTGVLTPSSKRFQPFQQFGRDVSDFTD,1
CGQPVTRTDDDTVA,1
CGRECGIKKGSSGYC,1
CGRVCLRC,1
CGSDNKTYGNKCNFC,1
CGSVAGA,1
CGSVFLVGQLFTFSPRRHWT,1
CGSVFLVSQLFTLSPRRHET,1
CGVVVLQC,1
CGWAGWLLSPRG,1
CGYGGPANKKNAGC,1
CGYSLFQKEKMVLGC,1
CHARKAVAHINS,1
CHARKAVTHINS,1
CHGIFTLTWEIWGY,1
CHGSEPCIIHRGKPF,1
CHHSPEEYQPC,1
CHILGPDCCIEPHDW,1
CHILGPDCCIEPHDWTKN,1
CHPSDGKCN,1
CHQLGKQRC,1
CHRPHGPG,1
CIEFVQQEVDYIIDH,1
CIITSLTGR,1
CIKVATVQSKMSDVK,1
CILRQLRHLPSRVRYPHYS,1
CITQYERESQAYY,1
CITQYERESQAYYQRGS,1
CITQYQRESQAYYQRG,1
CITQYQRESQAYYQRGASVI,1
CITTIYKTGQPAADHYYSKVTA,1
CIVNRRTSFFNLGPSQR,1
CKAILTPTDLAVSNPLTVYLAWVPANSPATPTQILR,1
CKALQEQCRFPN,1
CKEDHRYAISTTNEIGLHGAEGLT,1
CKEDYRYAISSTNEIGLLGAGGLT,1
CKFDEDDSEPVLKGVKLHYT,1
CKFTLVLTKCGSQVL,1
CKGKIQALCENPEWA,1
CKGLNGLFDLGPKQKI,1
CKGTHGGTGAGAGAGGAGAG,1
CKHSMV,1
CKIPFEIMDLEKRHVLGRL,1
CKKNME,1
CKKNMEGKVVLPENLEYTIV,1
CKLSCFIRPSGYCGR,1
CKLSQGAPDSC,1
CKPIDAERGLC,1
CKRGPDSG,1
CKRGPDSGFFSRLNWLY,1
CKRGPDSGFFSRLNWLYKSGSTYPVQNVTMPNNDNS,1
CKSQVADKDDPTNKFYQSVIQLGNGFLDVFTSFGGLVAE,1
CKTANGTAIPIGGGSANVYVNLAPVV,1
CKTC,1
CKTCTTPAQGNSKFPSCCCTKPTDGNC,1
CKTCTTPAQGNSMF,1
CKTCTTPAQGNSMFPSCCCTKPTDGNCTCIPIPSSWAFAKYLWEWAS,1
CKTHLKASSGYCAWP,1
CKVQRQYDEQQKEQC,1
CLAGLLTMV,1
CLAVLLGA,1
CLAVLLGACS,1
CLDDREC,1
CLDNIKDNVGKMEDYIKKNKKPYSLFQKEKMVLG,1
CLDSSRGIC,1
CLFKDWEELGEEIRLKV,1
CLFYASEMSEKGFKVIF,1
CLGDINARDLICAQKFN,1
CLGGLLTMV,1
CLGHHAVPNGTLVKTITNDQIEVTNATELVQSSSTGKIC,1
CLGIASFLIRGPKQNI,1
CLGQNSQSPTSNHSPTSCPPTCPGYRWMCLRRFI,1
CLHPDKDSC,1
CLLCAHKVEQGASVD,1
CLSATCDCTLCGP,1
CLTFGRETVIEY,1
CLVSFGLSC,1
CMENNSGWKVSLNYGEIIW,1
CMKKDDQIAAAMVLRGMAKDGKFALK,1
CMQWMRSMRG,1
CMRLGSSIC,1
CMTTAQGTSMYPSC,1
CMYSNNNVEDMYSNNNVED,1
CNDSLNTGWLAGLFY,1
CNDSLQTGFLAALFY,1
CNEKSFKDILPKLTENPWQ,1
CNFCNAVVES,1
CNICEGDSACLSLCQDR,1
CNIGGLGNNTLICPTDCFRK,1
CNKDLRPICGTDGVT,1
CNKKGEQVGMSRPGL,1
CNNKPSNRC,1
CNNPHRIL,1
CNNPHRILDGINC,1
CNNPHRILDGINCTLIDALLGDPHCDGFQNEKWDL,1
CNPPDCPGVGTG,1
CNRAFNPVCGTDGVTYDN,1
CNRFAGMFSLGARQKI,1
CNRLGGLFNFGPKQKI,1
CNRLPRELC,1
CNTHGIASLFAFGPAQK,1
CNWTRGER,1
CNWTRGERCDLEDRDRSELS,1
CNYSKFWYLEHAK,1
CNYSKYWYLNHTTTG,1
CPECRPLGLQGCAFQSTVAELQRLK,1
CPENSGCF,1
CPFDTSPVVKGKYNTTLLNGSAF,1
CPFIKPEVKPGTPA,1
CPFLKQNEPEDIDCW,1
CPFLPKPKVASEAFMSTNKM,1
CPHPDKASC,1
CPKDELRPLEKVLESKTRAI,1
CPKNRKDSC,1
CPKTALTEPPTLAYSPNRQIC,1
CPKYVKQNTLKLATGLRNVPQIES,1
CPKYVKQNTLKLATGMRNVPEKQT,1
CPKYVKQNTLKLATGMRNVPEKQTR,1
CPKYVKSEKLVLATGLRNVPEKQT,1
CPNSLTPADPTMDY,1
CPPHPNLRGICR,1
CPPLRAWRHRARAV,1
CPPRRRAG,1
CPRPPRAVAYYGPGVDYK,1
CPRSPRYTLD,1
CPSGTYEGNSPFHPLADNKF,1
CPVVIGYANGSCNQDASSAA,1
CQCPPDTKPGEIGCI,1
CQEKECCKECCCPRIKAFKKFINTFEKAQIGKEAPEFKAPA,1
CQIFANILLN,1
CQIYPPNANKIREALAQ,1
CQKAGGVAL,1
CQQFLSVRALC,1
CQQLAD,1
CQQTLSVRALC,1
CQRQFEEQQRFR,1
CQTPVNGNSPWAPTAPLPGDM,1
CRAAKL,1
CRAMVK,1
CRCEGLRMMMMRMQ,1
CRFPNITNSHVPILQE,1
CRFPNITNSHVPILQERPPLENR,1
CRFPNITNSHVPILQERPPLENRVLTGYGL,1
CRGDDFPAWYC,1
CRGFTSFKKPPTPPPEPET,1
CRGGEPPSPKTCGSYTYTYQ,1
CRKELAAVSVDCSEY,1
CRLRMD,1
CRQCTISYQDMYTPPYCCCLKPTAGNC,1
CRQLGKQRC,1
CRQTRTMPGC,1
CRRVASFLIRGSAQKI,1
CRSACVYFTEYENSG,1
CRTCAHPGEHA,1
CRTCTTPAQGTSMY,1
CRTLTGMFSLGARQKI,1
CRTNYGYS,1
CRWPDVLLWC,1
CRYNRNAVPNLRGDLQVLAQKVARTLP,1
CSAGICFSE,1
CSAMYVGDLCGSVFL,1
CSASFCIMPPSI,1
CSDTIDAGKD,1
CSETFTNKLKEKH,1
CSETFTNKLKEKHTDLGKEGV,1
CSEYPKPDCTAE,1
CSEYREPLLC,1
CSFSSIPN,1
CSFSSIPNGT,1
CSGFVGLFSPGPSQRI,1
CSGFVSLLAPGAKQN,1
CSGLSSLFTPGPKQQI,1
CSGLVGLFTPGAKQNI,1
CSGPTTIRGQFS,1
CSICSNNPTCWAICK,1
CSISNIETVIE,1
CSIYGSTIAGS,1
CSKPKNRTC,1
CSNKSKR,1
CSNSDKPKCGGS,1
CSPHHTALRQ,1
CSPRTG,1
CSQAAPYIE,1
CSQHCPYIEQGMMLAEQFKQ,1
CSQHLPYIE,1
CSQHLPYIEQGMQLA,1
CSQNPLAELKCSVKSFE,1
CSQNPLAELKCSVKSFEI,1
CSQNPLAELKCSVKSFEIDKGIYQTSNFRVVPSGD,1
CSRIIPARARVECFD,1
CSSLEKTKHRLQNEIEDL,1
CSSSTSHATSSTHNGSHTSRTTS,1
CSSYANTTSEDGKVM,1
CSTKAIGRTILKENIKYEVA,1
CSTLVEKDVAPKDELEMLAW,1
CSVSYLMKKMIPLAVEKLL,1
CSVTCGVGVRVRRRVNAANK,1
CSVTCGVGVRVRSRVNA,1
CTARENPAYG,1
CTARVAGLFNPGSQQR,1
CTARVAGLFSPGSQQR,1
CTASNKNRGIIKTFSNG,1
CTAVSPTTLRTEVVKTFRREK,1
CTDGNKEN,1
CTDTDKLF,1
CTDVSTAIHADQLTPAW,1
CTDVSTAIHADQLTPAWRIYSTGNNVFQTQAG,1
CTEKFTFSKNPADTG,1
CTGDARHC,1
CTGDKENVYPSQNFGHMHKSEKDRGC,1
CTGFSKHNNMGSQQKV,1
CTGFSNLFNLGSQQKV,1
CTGGLVSLFNPGPSQD,1
CTGKFKIVKEIAETQHGTIVIRVQYEGDGSPC,1
CTIAALGSSDRDTVV,1
CTINYTIFKIRMYVGGVEHR,1
CTIPAQGTSMFPSCCCTKPSDGNC,1
CTIPAQGTSVFPSCCCTKPSDGNC,1
CTKKKSS,1
CTKPEACSGEPVVVHITDDNEEPIAPYHFDLSGH,1
CTKPTDGNC,1
CTKPTDGNCTCIPIPSSWAF,1
CTLTTSPRLPVF,1
CTNGLTALFTPGAKQN,1
CTPATLLLC,1
CTPPALNCYWPLNDYGF,1
CTQSLAGLFRPGASQN,1
CTSGFTGLFSSGAKQT,1
CTSPAQGTSMFPSCCCTKPTDGNC,1
CTSPYDGKYWSMYSRL,1
CTSRFASLFNLGPQQQ,1
CTSSLTSIFTQGAKQN,1
CTTAVPWN,1
CTTFDDVQAPNYTQHTSSMR,1
CTTFDDVQAPNYTQHTSSMRGVYYPDEIFR,1
CTTPAGNSMFPSCCCTKPTDGNC,1
CTTPAHGTSMFPSCCCTKPTDGNC,1
CTTPAQGASMFPSCCCTKPTDGNC,1
CTTPAQGNSMFASCCCTKPTDGNC,1
CTTPAQGNSMFPACCCTKATDGNC,1
CTTPAQGNSMFPACCCTKPTDGNC,1
CTTPAQGNSMFPACCCTKPTNGNC,1
CTTPAQGNSMFPSC,1
CTTPAQGNSMFPSCCCTKPTDGNC,1
CTTPAQGNSMFPSCCCTKPTNGNC,1
CTTPAQGTSMFPSCCCTKPTDGNC,1
CTTPQGNSMFPSCCCTKPTDGNC,1
CTTSGFASLFRLGPSQK,1
CTTSGLASLFNSGARQH,1
CTVSEEFPTITPNQGRCFYCQCS,1
CTWQQWERELQGYD,1
CTYEITTRECKTC,1
CTYSFVSLLSPGAKQN,1
CVCRSCRTMSLQKTVEKLFD,1
CVCRSCRTMSLQKTVEKLFDELDKDKSGKISCAELKSALQ,1
CVCRSCRTMSLQKTVEKLFDELDKDKSGKISCAELKSALQSCSAEPLDDDH,1
CVFKDWEELGEEIRLKV,1
CVGSQV,1
CVHPDKDSC,1
CVKKQCPE,1
CVKSQTTRIN,1
CVLADSESGGHITHS,1
CVLAWNTRNIDATSTGN,1
CVLESHYEC,1
CVNFNFNGLTGTGVL,1
CVNITIKQH,1
CVQPEK,1
CVRSNEEFDPVDDGPDDETDLSKLSKD,1
CVTGHWRC,1
CVTIMTVDNPASTTNKDK,1
CVTIMTVDNPASTTNKDKLFAVWKITYKDT,1
CVTQTVDFSLDPTFTI,1
CVTQYQKESQAYYD,1
CVWNNKTPNS,1
CWAFSGVAATESAYLAHRNQSLDLAEQELVDCASQHGCHGDTIPRGI,1
CWGELMTLATWV,1
CWGELMTLATWVGVNLEDPASRDLV,1
CWVDNEEDIDVILK,1
CWVDNEEDIDVILKKSTI,1
CXTC,1
CYCYGLPDSEPTKTN,1
CYCYGLPDSVKIWTS,1
CYCYGVPDHIKVWDY,1
CYDLSCNQTVCQ,1
CYGDWA,1
CYGLPDSEPTKTNGK,1
CYGLPDSVKIWTSET,1
CYGLTTLFDPGPRQQI,1
CYGVPDHIKVWDYAT,1
CYGVSATKLNDLCFSNV,1
CYKKVWADHRGTI,1
CYKKVWRAHRGTI,1
CYKKVWRDHAGTI,1
CYKKVWRDHRGTI,1
CYPKLGALTHC,1
CYPKNPRENKLKQP,1
CYPYDVPDY,1
CYRGARVDGLMC,1
CYRGVTLAGHRC,1
AAAETGVGVIKSIAP,0
AAAGAVVGGLGGYMLG,0
AAAGDK,0
AAAGFMVLQDINCFRPHGVSAAQEKISFGKSSQCREAVGT,0
AAALPGKCGV,0
AAANTSDSQKE,0
AAAQHGHMHGS,0
AAARTTS,0
AAASAIQGNVTSIHSL,0
AAAVLNLT,0
AAAWGGSGSEAYQGVQQKWDATA,0
AACAGNRVRRSVGSSLKC,0
AACRAA,0
AADAILHTPGCVPC,0
AADHCPVVEVNGVTI,0
AADKPTLDIRMMNIEA,0
AADKPTLDIRMMNIEATNLAL,0
AADMIMHTPGCVPC,0
AADQLPNV,0
AAEAACFK,0
AAECPFLPKPKVA,0
AAEESKLPINPLSNSLLRH,0
AAEFTINKPK,0
AAEGATPEAKYD,0
AAEGGGQKQENT,0
AAESERFVRQGTGNDEAGAA,0
AAESQIRDVDFAAESANYSKANILAQSGSY,0
AAGAGPRVRQ + NAc(A1),0
AAGANPLGLKRGIEKAV,0
AAGFASKTPANQAISMIDGP,0
AAGGSYSSGDLGKKG,0
AAGLPGKCGVNVPYK,0
AAGNVNI,0
AAGTAAQAAVVRFQE,0
AAHASARQQWELQGD,0
AAHIPYLEQGMHLAEQFKQK,0
AAIGLSMAGSSAMILAAYHP,0
AAIGLSMAGSSAMILAAYHPQ,0
AAILEEDDSKDDMEF,0
AAINSVKDTTGVEASIDANGQLLLTSREGR,0
AAKEEPEESDEDDFGMGGLF,0
AAKGTPW,0
AAKLQD,0
AAKVLVEGNTDERGT,0
AALANSLSLGPQQKV,0
AALASLFLSGPQQK,0
AALERQAAAGWQPSP,0
AALFFFDID,0
AALFYAHKFNSSGCPERMAS,0
AALGDSLYGAASLNDFGILA,0
AALGHQHAHNEYQAKLAEKD,0
AALGVATAAQITAGI,0
AALIEEGQR,0
AALLQSAR,0
AALLQSARRG,0
AALTAENTAIKQRNENAKA,0
AALTKAITAMTQA,0
AALVSGTATAGWTFGAG,0
AANAHHAANAHH,0
AANAPPADKFKI,0
AANGGPATPAPPAPGPAPTGDTKPKKNKKPKNPPP,0
AANKYKTFVATFGAASNKAF,0
AANNAANAALTAENTAIKK,0
AANQDTAKVTIKVLAKVAGTTIQVPGLETDGCK,0
AAPANDKFTVFEAAFNDAIK,0
AAPARRTRKPQQPESLEECDSE,0
AAPKELRITMAS,0
AAPSLH,0
AAPVQEGVQQEGA,0
AAPYIEQAQ,0
AAPYIEQAQVIAHQ,0
AAQAALGLLQTASR,0
AAQGESSTQKVRPSHTNNPK,0
AARALAHGVRVLEDGVNYATGNLPA,0
AARQPDL,0
AARTTSG,0
AASDISLLDAQSAPLR,0
AASDYFADATLGKDISGLDE,0
AASEALDPHAFHLLLNTYGR,0
AASGDGTITFTGKVIDAPCG,0
AASGDPTSPDNIDS,0
AASGPKVVIDGKDQNVTGSV,0
AASKSCPLPQVRALESLESL,0
AASKTAYEAKLAQYQADLA,0
AASRAPSREGSRGRRSDSGDDLIARAAKIIQDQQK,0
AASVPE,0
AATGAGVIKSIAPGSANLNLTNITH,0
AATKMSECVLGQSKRVD,0
AATLGFGSFMSRAYG,0
AATSLLNN,0
AATVLQLPQGTTLPK,0
AAVAEAEG,0
AAVDSSKAALTSKLDAAYKL,0
AAVEQPEKPAAQPKKQQRKGRK,0
AAVLNLTT,0
AAVLNLTTWNPTLL,0
AAVVLPGLVGLAGGAATAGA,0
AAYFVGYLKPTTFMLKY,0
AAYIKLETKGSDPDTSFLEG,0
ACAAGNSSTKNLIYNLTLCEL,0
ACAAGNSSTKNLIYNLTLCELNVTGFQQHF,0
ACCNGIRNVN,0
ACGASNSSTKNLIKNLTLCELNVTGFQQHF,0
ACHNTSKPSNTDSVFSLTGK,0
ACHPLFDARCGGKS,0
ACKPLLREDVTFQV,0
ACKQNVSSLDEKNSVSVD,0
ACKRGPGSGFFSRLN,0
ACKSTQDPMFTPKGCDN,0
ACNTIGGYECGGGS,0
ACRAAK,0
ACSFSSIP,0
ACSFSSIPNG,0
ACSLPEEAHTAIHS,0
ACSLPQEARTAIHS,0
ACVAGDSSTKNLIYTSTLCELNVTGFQQHF,0
ACYCYGLPNWVKVWD,0
ACYLPFQLSCGGKS,0
ADAAPSPTPYLPRLS,0
ADALLEKG,0
ADAPPGSPAPPPPEHRGGPE,0
ADASLKMADPNRFRGKDLP,0
ADAVSRKKMD,0
ADCTLWFCPQTSN,0
ADDHPGAVAARNDVLSGFS,0
ADDMERIFKRFDTNGDGKISLSELTDALRTLGSTSA,0
ADDPLLR,0
ADDPLLRT,0
ADDTPYTLSFAPHRH,0
ADDVILHTPGCVPC,0
ADEELLKNIKNETGFQAQVVKD,0
ADEEQQQALSSQMGF,0
ADEVQRMMAEIDTDGDGFIDFNEFISFCNANPGLMKDVAKVF,0
ADGDALNKVLKAFQG,0
ADHPSYTAAKDEVLSHFSV,0
ADIDKLIDYAASGD,0
ADIGSVQNQVTSTINNITVTQVNVKAAESQ,0
ADINAVCPSELK,0
ADINNE,0
ADIVKYEPTASM,0
ADKSSILFLCDD,0
ADLAAVQKTNAANQAAYQK,0
ADLEKALEGAMC,0
ADLGDFENSAAAAETGVGVIKSIA,0
ADLGDFETSVADAATGAGVIKSIA,0
ADLIAAQKLASKP,0
ADLPQP,0
ADLVAAQKLATKP,0
ADPNRFRGKD,0
ADPNRFRGKNLP,0
ADPPFS,0
ADPQKQNSVSNDSVTINVYN,0
ADPSIMAK,0
ADPVPL,0
ADPVTTEGDYVVKISEFYGR,0
ADQAQYNQMH,0
ADQLPNVG,0
ADQTVEEHIGYLVKY,0
ADREYCKYTVCTYPG,0
ADRQTACNCLKNLAG,0
ADRYFTYEEPND,0
ADSAQDST,0
ADSGYCYWVHILCYC,0
ADSKGCKITCFLTAA,0
ADSLRSQANTLGQAISNGNDALGILQTADK,0
ADSVGGKD,0
ADTDGPPAQF,0
ADTIASGA,0
ADTIASGS,0
ADTIASGSQRSTNSASTSTTNNGESQTTTPTA,0
ADTQGS,0
ADTSRIGNCGPTIFLGVLED,0
ADVTITVNGKVVAKPC,0
ADWADWLDYP,0
ADYHRVMY,0
ADYHRVMYAS,0
AEAAGRRLAR,0
AEAEGGTW,0
AEAEKLMENVGSLDRLV,0
AEALSTEPKGAAVDSSKAAL,0
AEARAEFAERSVQKL,0
AEATKVAEAEKQKA,0
AEDAAEISVPAEIL,0
AEDEDNQQGQ,0
AEDKVKQLREAKKQVEKALEQLEDKVQL,0
AEDRPLCGSDNKTYG,0
AEDRPLCGSDNKTYGNKCNF,0
AEEAFDLWNECAKACV,0
AEEDEREISVPAEIL,0
AEEDKSVTEEIAEEDK,0
AEEDRKRREEADVRNQAE,0
AEEEEDDDMGFGLFD,0
AEEGSLDEGAVEEDPDKEGD,0
AEEKLKKKSSFYQS,0
AEELTPGRFRTIVC,0
AEENVEENVEEVEENVEENV,0
AEENVEH,0
AEEVEEERLK,0
AEEVKATPAGELQVIDKVDA,0
AEGCVGRVCDSRAMAVM,0
AEGDDPAKA,0
AEGDDPAKAAFDSLQ,0
AEGDTVIYSK,0
AEGEFATAPPSHYSWDPAK,0
AEGEFATASPTHYTSELDPAK,0
AEGEFCGFVWPFKCHRIGDPAK,0
AEGEFCSPPDSPGVCGDPAK,0
AEGEFDYAWDQTHQDPAK,0
AEGEFGLADLATLTFGSTDPAK,0
AEGEFKKFPGSSTPKDPAKAAFDSL,0
AEGEFKTLRNTNRLDPAK,0
AEGEFKTRRNTNYQDPAK,0
AEGEFKTSVRSVPRARPPINGDPAK,0
AEGEFKVPFRMLNRQVNGDPAK,0
AEGEFLSLKGSGGGQLRALVDPAK,0
AEGEFMGDICSWCYSSAPDPAK,0
AEGEFMSRTWLMKAHGIESWDPAK,0
AEGEFNSREWLSKAHGIEGMDPAK,0
AEGEFPEDTFPGSKLILSGDPAKAAFDSL,0
AEGEFPQDARFPGGGDPAK,0
AEGEFPSRMQFHGDQDYGDPAK,0
AEGEFPYLLPRRSREEAVDPAK,0
AEGEFRELLYEAFDDMEGDPAK,0
AEGEFRFWKVPDYDPPAAGGDPAK,0
AEGEFRLGVRALRKAPDPAK,0
AEGEFRSREQLSKLFGIDLTDPAK,0
AEGEFSPGVWKAAFQGDKLPDPAK,0
AEGEFSYDMLWMMTPQTGDPAK,0
AEGEFTTASPTHFLVPLDPAK,0
AEGEFYCSGPPDRVCWGPDPAK,0
AEGGTWRI,0
AEGQLG,0
AEGRAINRRVE,0
AEHARDHTLRFG,0
AEHQFKEKV,0
AEHQKLEEQNKISEASRK,0
AEHVDTSYECDIPIGA,0
AEIERMVREAAKYEA,0
AEIETCMKTITTILEWLEKNQLAGKDEYEAKNKEAESVCAPIMSKIYQD,0
AEIKKPQADSAWNWPKEYNA,0
AEKKLPKPPKKPSFCSAGDTTQYYFDGCMVQN,0
AEKKVEAKVEVAENNVSSVA,0
AEKQKAAEATKVAE,0
AEKQRLEDLGQKFERLKQRS,0
AELAAANDTIASLQTEL,0
AELGGQFHHKSENG,0
AELKSALQSCSAEPLDDDH,0
AELKSALQSCSAEPLDDDHVKAFLDK,0
AELLVALENQHTIDL,0
AELTGY,0
AELTGYGTVT,0
AENSAPTA,0
AEPKPAEPKS,0
AEPKSAEPKPAEPKS,0
AEPLLSC,0
AEPTAPATTTPPDEMATQAA,0
AERAVEVDPDDVNK,0
AESEE,0
AESLRAVIPPTTTP,0
AESPKKP,0
AESSG,0
AESVSQNN,0
AETFEYQIELGGELHVGLLW,0
AETGVGVIKSIAPASKNLDLTNITH,0
AETGVGVIKSIAPASKNLDLTNITHV,0
AETHL,0
AETHLFTG,0
AETHVTGGNAGRTTAGLVGLLTPG,0
AETIHELLVRM,0
AETRLNPDLQ,0
AEVDCSRFPNATDK,0
AEVDCSRFPNATDKE,0
AEVDCSRFPNATDKEGKDVL,0
AEVLKDAIKDLVMTKPAPTC,0
AEVSYVHVNGAK,0
AEYAAANP,0
AFAFAGNHVSPTHYVPESDA,0
AFAKPLASDPLF,0
AFAQAPTHQLSL,0
AFASNRTFDITVSGLGTAPK,0
AFASRGNHDSPTHYVPESD,0
AFASRGNHVAPTHYVTESD,0
AFASRGNHVAPTHYVTESDA,0
AFASRGNHVAPTHYVVESDA,0
AFASRGNHVSPAHYVPESDA,0
AFASRGNHVSPRHYVPESE,0
AFASRGNHVSPTHYVPESDA,0
AFASRGNHVSPTHYVPESDAAAR,0
AFDEMEECASHLPYIEQGMQ,0
AFDQATRVYQDLGGPSQAPLPC,0
AFDYSRPGLLDPVFA,0
AFFSFCETNG,0
AFFSILQDMRNTIM,0
AFGSIKDFKVQEAGGTTRGVFPYKRDAAGR,0
AFKGGNGAKKG,0
AFKVAATAANAAPANDKFTV,0
AFNPAY,0
AFNQFGPNAGQR,0
AFNRASD,0
AFPL,0
AFQGLFGGLNWITKV,0
AFQNRLESIK,0
AFRELADA,0
AFRELADALL,0
AFRLEEIAAI,0
AFRPSSSS,0
AFRRYQEE,0
AFRTPNPNKPPPARPGPIRP,0
AFSKIRDF,0
AFSVAAPVTVTR,0
AFSVPQANARSSENAESSA,0
AFTPDWMMEVAIDNE,0
AFVSTSSSRRYTEVY,0
AFVVFLLVTLAILTA,0
AGAGDV,0
AGAGGA,0
AGAGGGAGGAGAGGGAGGAG,0
AGAGGGAGGAGAGGGAGGAGA,0
AGAGRRVG,0
AGAHWGVLAG,0
AGAKSAIL,0
AGAPDRARGQYP,0
AGAPSAEQRER,0
AGARRGDLAHLAAAHARHLP,0
AGASDIRDQSRNWLPGPCYR,0
AGAVVGGLGGYMLGSAMS,0
AGCLIGAEHVDTSYECD,0
AGCTALSAVDDVPGC,0
AGDCAVRQ,0
AGDDDLDGDLNGDDRR,0
AGDGEPPEDDDSATGLAFRT,0
AGDLESSVDDPRSEEDKRFE,0
AGDQSYFL,0
AGDR,0
AGDRAGDR,0
AGDRAGDRAGDRAGDRAGDRAGDR,0
AGDSSTKNLIYTSTLCELNV,0
AGDVKT,0
AGEDAGDAVSPRQLA,0
AGEPYVIEQGMMDPAK,0
AGEVKANAEG,0
AGFGSALASLREAPP,0
AGFIYRETFCITTIYKTGQPAADHYYSKVTA,0
AGGAEG,0
AGGAGAGGGAGGA,0
AGGGHNGVFDFPDSG,0
AGGGQGQNNEGANAPNEDSV,0
AGGIAL,0
AGGLTTTWKEYSHDLQ,0
AGGQLFYSRPVVSANGEPTVKLYTS,0
AGGQLFYSRPVVSANGEPTVKLYTSVENAQ,0
AGGSGRP,0
AGGYKAADMWGPSSD,0
AGGYKAADMWGPSSDPAWER,0
AGHATLREHLRDIKAENTDA,0
AGIAYFSMVG,0
AGIDYMVKDPNNPGHMMVNPVLLNIPQG,0
AGISYTKTW,0
AGKALTGLSTGTSQNTRISLRP,0
AGKKESTVMTSGSA,0
AGKLGTVSYGEEKPA,0
AGKNQSQKKKK,0
AGKREM,0
AGKREMVIIT,0
AGLFLTTEAV,0
AGLLELNGW,0
AGNASRDGRPS,0
AGNTLMPAFSVPQ,0
AGPGVAGS,0
AGPRVRQPARPLGSAWRDQAQRPAV,0
AGQRMPRARYGLV,0
AGRDLL,0
AGRDRG,0
AGRMIPKG,0
AGRRVGGRRRGRSNSG,0
AGRRVGLS,0
AGSGASDL,0
AGSLQGQWRGAAGTA,0
AGTHTPGAT,0
AGTK,0
AGTN,0
AGTQTPVNGNSPWAPTAPLPGDMNPANWPR,0
AGVFVYGGSKTSLYN,0
AGVRRGDLAHLAAAHARHLP,0
AGWISPGG,0
AGYCNTECTLKKGSS,0
AGYSGGDIYHSVSHA,0
AHAAYLNATPAAKVL,0
AHAYSGYDVPDY,0
AHCIGITDRDFIEGV,0
AHETSLNAAGNSVIHYTNIN,0
AHFTDEFKRKNKGKDLSTNL,0
AHGIDPNIRTGVRTI,0
AHGINPNIR,0
AHGSETAWAD,0
AHGVDPNIRTGVRTI,0
AHHAAD,0
AHHAADAHHAADAHHAAD,0
AHHAADAHHAADAHHAADAHHAAD,0
AHIKKSKKGDKKFKGSVANMSLGGGSSRTLD,0
AHIRHHKMPVTNLRH,0
AHIRHHKMPVTTSAT,0
AHKWYSQWLPHR,0
AHLHIPRWNLMS,0
AHLKAYAKINEESL,0
AHLQGEPIEVDNLPEDMKRLQLDDKKPSGL,0
AHLRLPTRTSMPKVT,0
AHLSLRGLPVCAFSS,0
AHMFQRSPFQRYPNS,0
AHPLHPANLVANTVNAMFH,0
AHQWHFPRSRSTTTN,0
AHSSRLYSPTISKHR,0
AHTDFAGAEAAWGATLDTFFG,0
AHTTSDPWHPPG,0
AHWGVLAGIAYFSMV,0
AHWGVLAGIAYFSMVGNWAK,0
AHWVDWV,0
AIAKLEDAKELLESS,0
AIAYYRGKDSSIIKDGDLVVC,0
AICKRIPDKKPGKKT,0
AICWEPSPPWAPEILVYNKTISSSGP,0
AIDIEEPSGQ,0
AIDLPTHENHGLKTR,0
AIDNLRASLETTNQA,0
AIDREQSAAIREWA,0
AIDTRPW,0
AIEPCTVGHRRYFT,0
AIERMKDTLR,0
AIGIITLYLGAVVQA,0
AIGSANFHSYKKMSQFIDKK,0
AIIEVDNEQPTTRAQK,0
AIILLTCAVHPELI,0
AIIPDREVL,0
AIKATRVTELLYRLK,0
AIKDLKKPCITLGKAPDLNKAYKSVLSGMNAAKLDPDDVCS,0
AIKDTTSD,0
AIKKRNADAKADYEAKLAK,0
AIKSLT,0
AILSSLTVTQLLRR,0
AILTPTPVNPSTAPA,0
AIMGPPTKFSFSLFL,0
AINPESDQPDLSNF,0
AINRRVE,0
AIPHDIDLGESRVVIQDYD,0
AIPLEVIK,0
AIPTDPRNVGGDLDPSSIPD,0
AIPTNFSISITTEVMPV,0
AIREDNNITLKLDRCNNNNQYVS,0
AISSVLNDILSRLDKVE,0
AISTTFTTNLTEYPLSRVDLG,0
AITFGGLLGE,0
AITGGGEFTDSKGNVISVAS,0
AIVVEYSSSVKLT,0
AIYESRIIKRKYKNKDDKEV,0
AIYGAA,0
AIYHTENAYVSVVSSHYNR,0
AKAVAAWTLKAAA,0
AKAVYQQFVEFYEKVTGTDL,0
AKAVYQQFYEFYEKV,0
AKDISFQNYT,0
AKEASSYDYILGWEFGGGVPEHKKEEN,0
AKEFEAAA,0
AKEKLQEQQSDLEQERLAKEKLQEQQSDLEQERL,0
AKEVLKGY,0
AKFFADKPDESTLSPEMREHYEKFERMIKEHTEKFNKK,0
AKFSDTIGKRDEQIT,0
AKFTCAKSMSLFEVD,0
AKFVAAWTLKAAA,0
AKGHSLPRLVTS,0
AKGVEFR,0
AKIENAIRMISDQRANLGAFQNRLESIKDS,0
AKKKKPEKPH,0
AKKPAGKGSPSTLQTPG,0
AKKQVEKALEEANSKLAALE,0
AKKVPETFPELKPGESRHTS,0
AKLMPQLPGIPFVSC,0
AKLQDC,0
AKLTLVLTKCGSQIL,0
AKMLSTELH,0
AKNEVF,0
AKNKPTLDFELIKTEAKQPAT,0
AKPRKISVDRGNNGH,0
AKQPATLR,0
AKQYNICCKFKELLD,0
AKQYNICCKFKELLDKTSRT,0
AKREAIVKADEDDNEET,0
AKRKMDPDNPDEGPS,0
AKRLRSMHVFILDYD,0
AKSMDVRR,0
AKSSPYQKKT,0
AKSTWYGKPTGAGPKDNGGACGYKDVD,0
AKTRIINRRKRELS,0
AKTTLLKIL,0
AKVNIKPLEDKIL,0
AKWAVPTTRTDDKLR,0
AKYIPIQYVLSRYP,0
ALAALAEKSFPSSS,0
ALADPSLKMADPNRFRGKDLP,0
ALAELATKTFGSSG,0
ALAELATKTFGSSGSSAVDS,0
ALAELATRSFGSSS,0
ALALLLLDRLNQLESKV,0
ALANVYDLPDDFFP,0
ALDTSNKF,0
ALGALGRFDEAMQDQ,0
ALGGWGLHQPPPQIFLKILP,0
ALGLLQQASKQAEAAAPVV,0
ALGLLQTAS,0
ALGLTSLFSPGPIQH,0
ALGQRRADAVKGYLA,0
ALGVINTLEWIPRFK,0
ALHQALAGAIPVEFSSNTVK,0
ALHQALQDPRVRGL,0
ALHQSMLNSQAIDNL,0
ALHQVF,0
ALHQVFGAIYGAAFSGVSWT,0
ALIEEGQRM,0
ALINSTKIYSYFPSVISKVNQGA,0
ALKTELEDTLDSTATQQELR,0
ALLDPRVRGLYFP,0
ALLDPSQGMGPSLIGLAMGD,0
ALLLNQELLLNPTHQIYPVTQPLAPVHNPISV,0
ALLNPSRVYTFFSSDYVKK,0
ALLQSARR,0
ALLQSARRGE,0
ALLRFVNPDTGRVLFECKLHKS,0
ALNCYW,0
ALNDLCIKVNNWDLFFSPS,0
ALNDLCIKVNNWDLFFSPSEDNFTNDLNKGEEITSDTNIEAAEENISLDLIQQYYLTFNFDNEPENISIENLSSDIIGQLELMPNIERFPNGKKYELDKYTMFHYLRAQEFEHGKSRIALTNSVNEALLNPSRVYTFFSSDYVKKVNKATEAAMFLGWVEQLVYDFTDETSEVSTTDKIADITIIIPYIGPALNIGNMLYKDDFVGALIFSGAVILLEFIPEIAIPVLGTFALVSYIANKVLTVQTIDNALSKRNEKWDEVYKYIVTNWLAKVNTQIDLIRKKMKEALENQAEATKAIINYQYNQYTEEEKNNINFNIDDLSSKLNESINKAMININKFLNQCSVSYLMNSMIPYGVKRLEDFDASLKDALLKYIYDNRGTLIGQVDRLKDKVNNTLSTDIPFQLSKYVDNQ,0
ALNDLCIKVNNWDLFFSPSEDNFTNDLNKGEEITSDTNIEAAEENISLDLIQQYYLTFNFDNEPENISIENLSSDIIGQLELMPNIERFPNGKKYELDKYTMFHYLRAQEFEHGKSRIALTNSVNEALLNPSRVYTFFSSDYVKKVNKATEAAMFLGWVEQLVYDFTDETSEVSTTDKIADITIIIPYIGPALNIGNMLYKDDFVGALIFSGAVILLEFIPEIAIPVLGTFALVSYIANKVLTVQTIDNALSKRNEKWDEVYKYIVTNWLAKVNTQIDLIRKKMKEALENQAEATKAIINYQYNQYTEEEKNNINFNIDDLSSKLNESINKAMININKFLNQCSVSYLMNSMIPYGVKRLEDFDASLKDALLKYIYDNRGTLIGQVDRLKDKVNNTLSTDIPFQLSKYVDNQRLLSTFTEYIKNIINTSILNLRYESNHLIDLSRYASKINIGSKVNFDPIDKNQIQLFNLESSKIEVILKNAIVYNSMYENFSTSFWIR,0
ALNELNSFGDLINP,0
ALNGNGDPNNMDKAVKLY,0
ALNIWDRFDVFCTLGATTGYLKGNS,0
ALNNRFQIKGVELKS,0
ALNYQAQALEEIIKYRYNI,0
ALPDYASQPGKPPR,0
ALPKNTVGGTIL,0
ALPVWARP,0
ALQEQCRFPNITNSHVPILQERP,0
ALSRCTLNRNALRRP,0
ALSRLVLRRNALRRP,0
ALSSQGGMSPEPTPL,0
ALSTGLIH,0
ALSTGLIHLHQN,0
ALSTQQEPFRDLKKYLPSKDKSVVSLQDRA,0
ALTGAMRVTKDTNDN,0
ALTGAT,0
ALTGCR,0
ALTPTLAARN,0
ALTTQKGAPWGLGSISHKGQASTDYIYD,0
ALVNIPISNNLA,0
ALVNNSHTMPLW,0
ALVNSPLTRAPM,0
ALVNWHGVYNYR,0
ALVPDKEVL,0
ALVREGLRNV,0
ALVVSQLLR,0
ALYASTLPPYPR,0
ALYTDEDLLFDLEKQK,0
AMAAWSERAGEA,0
AMDAWNQPSGISSPPSPSLN,0
AMDHEGCKFSCFIRP,0
AMDPIYDEPTTTTSVPL,0
AMEDIKQMEA,0
AMEKLGQDSQALGQAIYEATQAASK,0
AMEQMAGSSEQAAEAMEVASQARQMVQAMRTIGTHPSSS,0
AMFTCK,0
AMININKFLNQCSVSYLMNSMIPYGVKRLEDFDASLKDALLKYIYDNRGTLIGQVDRLKDKVNNTLSTDIPFQLSKYVDNQRLLSTFTEYIKNIINTSILNLRYESNHLIDLSRYASKINIGSKVNFDPIDKNQIQLFNLESSKIEVILKNAIVYNSMYE,0
AMKPDLQNTLMAVPR,0
AMMIARFKMFPEVKEKGMAA,0
AMQMAYRF,0
AMQWNSTAFH,0
AMRVTKDTNDNNLYK,0
AMSRPMIHFGNDWEDRYYRENMYRY,0
AMSRPMMHFGNDWEDRYYRENMNRY,0
AMSRPMMHFGNDWEDRYYRENMNRYPNQVYY,0
AMTPTVATRDGKLPATQLRR,0
AMTQAQKAGKPA,0
AMVKLQ,0
ANAANEADYQAKLTAYQTE,0
ANAEALNNLL,0
ANANNAVKN,0
ANANRDTDRDGIPDE,0
ANARSSENAESSA,0
ANASNDSSSHLQLIYNLTLCELNGTDWLAN,0
ANCASILCKCYTTGT,0
ANDHLSILEAWSDNDTPYLHD,0
ANDPPP,0
ANDQGNRTTPSYVAFTDSERL,0
ANDVDNSNPVVQAEQLNWL,0
ANEECRNAMRHLRPEDTLEEKMYACRDIG,0
ANEGAPSSRFHP,0
ANETIYNTTLKYGDV,0
ANETIYNTTLKYGDVVGVNT,0
ANGAGGNQPANGAGGNQPANGAGGNQP,0
ANGAGNQPG,0
ANGAGNQPGANGAGGQAA,0
ANGAGNQPGANGAGNQPG,0
ANGAGNQPGANGAGNQPGANGAGNQPG,0
ANGAGNQPGANGAGNQPGANGAGNQPGANGAGN,0
ANGAGNQPGANGAGNQPGANGAGNQPGANGAGNQPG,0
ANGAGNQPPGEDGAGNQPG,0
ANGGASGQVK,0
ANIQLVEKDKALSNA,0
ANKEGIVWVATEGALN,0
ANKKRTLGAREVQTAVRIVL,0
ANLFSGEGAQTAQ,0
ANLGAFQNRL,0
ANLVGMTFRA,0
ANNSANNGKKNNAEE,0
ANPGADAE,0
ANPNPYTSRRSV,0
ANPPDH,0
ANPPDHSAPLGVTRPSAPPL,0
ANPPDHSAPLGVTRPSAPPLPHVVDLPQLGPRR,0
ANPPPASTNRQSGRQ,0
ANPVCRLWMCPPIV,0
ANQPGH,0
ANQPGHLAPLGEIRPSAPPL,0
ANQPGHLAPLGEIRPSAPPLPPVADLPQPGLRR,0
ANRAVKPTGSAAIGL,0
ANRAVKPTGSAAIGLSMAGS,0
ANRHVKPTGSAVVGL,0
ANRMAAEAQKQVKSLQSL,0
ANTANPDWDFNPNKD,0
ANVPPADKYKTFEAA,0
ANVVGTRQ,0
ANVVQRNAPSWGLSRISSKKSGATDYVYDSTAGEGIV,0
ANYKFTLV,0
APAEPEAPAPETEKAEEVEK,0
APAHDTPPVPDVDSRGAILRRQYNL,0
APAPTPTFAGTQTPVNGNSP,0
APARQLP,0
APAVKYTVFETALKKAITAM,0
APCIPYVRGG,0
APDKEILYEAFDEM,0
APDKEVLYEAFDEM,0
APDTR,0
APDTRP,0
APDTRPAP,0
APDYVPPTVHGCALPPR,0
APEARQ,0
APEARQAIKSLT,0
APEARQAIRSLT,0
APEDQSPETRRLLDRLSR,0
APENAYQAYAAPQLFPVSDITQ,0
APENKGTG,0
APETEK,0
APGANQEGGAAAPGANQEGGAA,0
APGANQEGGAAAPGANQEGGAAAPGANQEGGAA,0
APGEKDGKIVPA,0
APGGGF,0
APGICIDVDNEDLFFIADK,0
APGICIDVDNEDLFFIADKNSFSDDLSKNERIEYDTQSNYIENRSSIDELILDTNLISKIELPSENTESLTDFNVDVPVYEKQPAIKKIFTDENTIFQYLYSQTFPLDIRDISLTSSFDDALLFSNKVYSFFSMDYIKTANKVVEAGLFAGWVKQIVDDFVIEANKSSTMDKIADISLIVPYIGLALNVGNETAKGNFENAFEIAGASILLEFIPELLIPVVGAFLLESYIDNKNKIIKTIDNALTKRDEKWIDMYGLIVAQWLSTVNTQFYTIKEGMYKALNYQAQALEEIIKYKYNIYSEKEKSNINIDFNDINSKLNEGINQAVDNINNFINECSVSYLMKKMIPLAVEKLLDFDNTLKKNLLNYIDENKLYLIGSAEYEKSKVDKHLKTIIPFDLSMYTNNTILIEIFNKYNSEILNNIILNLRYRDNNLIDLSGYGANVEVYDGVELNDKNQFKLTSSTNSEIRVTQNQNIIFNSMFLDFSVSFWIRIPKYKNDG,0
APGICIDVDNEDLFFIADKNSFSDDLSKNERIEYNTQSNYIENDFPINELILDTDLISKIELPSENTESLTDFNVDVPVYEKQPAIKKIFTDENTIFQYLYSQTFPLDIRDISLTSSFDDALLFSNKVYSFFSMDYIKTANKVVEAGLFAGWVKQIVNDFVIEANKSNTMDKIADISLIVPYIGLALNVGNETAKGNFENAFEIAGASILLEFIPELLIPVVGAFLLESYIDNKNKIIKTIDNALTKRNEKWSDMYGLIVAQWLSTVNTQFYTIKEGMYKALNYQAQALEEIIKYRYNIYSEKEKSNINIDFNDINSKLNEGINQAIDNINNFINGCSVSYLMKKMIPLAVEKLLDFDNTLKKNLLNYIDENKLYLIGSAEYEKSKVNKYLKTIMPFDLSIYTNDTILIEMFNKYNSEILNNIILNLRYKDNNLIDLSGYGAKVEVYDGVELN,0
APGICIDVDNEDLFFIADKNSFSDDLSKNERIEYNTQSNYIENDFPINELILDTDLISKIELPSENTESLTDFNVDVPVYEKQPAIKKIFTDENTIFQYLYSQTFPLDIRDISLTSSFDDALLFSNKVYSFFSMDYIKTANKVVEAGLFAGWVKQIVNDFVIEANKSNTMDKIADISLIVPYIGLALNVGNETAKGNFENAFEIAGASILLEFIPELLIPVVGAFLLESYIDNKNKIIKTIDNALTKRNEKWSDMYGLIVAQWLSTVNTQFYTIKEGMYKALNYQAQALEEIIKYRYNIYSEKEKSNINIDFNDINSKLNEGINQAIDNINNFINGCSVSYLMKKMIPLAVEKLLDFDNTLKKNLLNYIDENKLYLIGSAEYEKSKVNKYLKTIMPFDLSIYTNDTILIEMFNKYNSEILNNIILNLRYKDNNLIDLSGYGAKVEVYDGVELNDKNQFKLTSSANSKIRVTQNQNIIFNSVFLDFSVSFWIRIPKYKNDG,0
APGLPWALQGKRRGA,0
APGPDGNNGAQGPPGLQGVQGGKGEQGPAGPPGFQGLPGPAGTAGE,0
APGPGEVW,0
APGQCNMVVERLGD,0
APGRVPALLIPPWAW,0
APHLPYIEQGMQLAEQFKQK,0
APHRVLATVYNGECRYSRNA,0
APIDTCISECITPNGSI,0
APITAYAQQTRGLLG,0
APKATTDEQKMIEKINVGFK,0
APKEAELD,0
APKKAAAKRAAKKSAPKKAV,0
APKKAVKKAVKAAKKAVKKA,0
APKS,0
APLGEI,0
APLGVT,0
APLSPLLPLQDGTNTHIMATEASNY,0
APLSPLLPLQDGTNTHIMATEASNYAQYRV,0
APLTAVAPAHDTPPVPDV,0
APLTAVAPAHDTPPVPDVDSRGAIL,0
APLTRGSCRKRNRSPER,0
APMFITGREMLASIDTLK,0
APMIVTGGGMLAAINTLK,0
APMSTPSATSVR,0
APNADTIA,0
APPGSPAPPPPEHRGGPEEF,0
APPLLPHSNLDHIL,0
APPLPH,0
APPLPP,0
APPLRAWKSRARAV,0
APPLRTWKSRARAV,0
APPMPPQPPRAHGQHYGHHHHQLPFLG,0
APPPPEHRGGPEEFEGAGDG,0
APPQA,0
APPSQPFPWTHCYQPRL,0
APPTLPQPPCAHGQHYGHHHHQLPFLG,0
APQIVRGASEDVRKQPYNLTIA,0
APQPGPQPPQPPQPQPEAPAPQ,0
APRITFGGPTDSTDNNQN,0
APRIVLDVAS,0
APSLPAGYL,0
APSQGGVNSPVNV,0
APSQGGVNSPVNVTTTVDANTSLAKIENAIRMISDQRANLGAFQNR,0
APSRPFSVLRANDVLWLSLTAAEYDQSTYG,0
APSSPGTPGVAAATQAANGG,0
APSWGLSRI,0
APTGDTKPKKNKKPKNP,0
APTHWCYYPPLI,0
APTHYVTESDASQR,0
APTIEAITRPIQVA,0
APTQCSQTWPCPSHL,0
APTTPPPTSTHATPRPTTPG,0
APTYSWGA,0
APTYSWGE,0
APVDSVFDRAFSAYL,0
APVQEGVQQE,0
APVTVTRFVNAS,0
APYHFDLSGHAFGAM,0
APYIEQAQV,0
AQAANGGASGQVKVTKVT,0
AQAAVVRFQEAANKQ,0
AQAFDYVPAWVV,0
AQAHTTRGLTNLFSSG,0
AQEPPRQ,0
AQFDQIASGLSQERN,0
AQFPFNASDSVGQQ,0
AQGQYSNTLLRIYRDNKSIN,0
AQGQYSNTLLRIYRDNKTIN,0
AQGRNVRTFTSFFSPG,0
AQKFNGLTVLPPLLTDD,0
AQKKIIAEKT,0
AQKKIIAEKTKI,0
AQKLAEIDQLTADKAKA,0
AQKVARTL,0
AQLAPPSAASAFVGA,0
AQNFRNIMHGSDSFFYTFTS,0
AQPGYPWP,0
AQPGYPWPLY,0
AQPGYPWPLYGNEG,0
AQPHEPGSYTNVFDHLDWIK,0
AQPHEPGSYTNVFDHLDWIQ,0
AQPHKPGSYTNVFDHLDWIK,0
AQPKLAAA,0
AQPKSA,0
AQPREPGSYTNVFDHLDWIK,0
AQPVKIDNASPAST,0
AQPVLQTLCAQPSNTVTCGQHVTLYCSTSGNNVT,0
AQRAIDSQNMTKAAQSLNSI,0
AQRVEFLLKAWAEK,0
AQSAKFPQFKPEEM,0
AQSRNVRTFTGLFTSG,0
AQSTMKAEELTPGR,0
AQSVPYGVSQIKAPA,0
AQTASGLVSM,0
AQTFLATCINGVCW,0
AQVATVSS,0
AQVIAEHQF,0
AQVLSEMVMCGGSLY,0
AQVTLPIRTPNA,0
AQVVKDYFTLKGAAAPVAHFQG,0
AQYAAQNRRGLDLLFW,0
ARAAWETARHTPVNS,0
ARATIRYRPLVPNAVGGYAISISFW,0
ARATIRYRPLVPNAVGGYAISISFWPQTTT,0
ARDDIQKDINKMESELINVSNEINRLD,0
ARDLICAQKFNGLTVLP,0
ARDVLAVVSK,0
AREAFRRY,0
AREQSCRRPNAQRFGISNYCQIYPPNANKIREALAQPQRYCRH,0
AREQSCRRPNAQRFGISNYCQIYPPNANKIREALAQTHSAIAV,0
AREQSCRRPNAQRFGISNYCQIYPPNVNKIREALAQTHSAIAV,0
ARFLAEEADRKYDEV,0
ARGACVTIMTVDNPASTTNKDKLFAVWKITYKDTV,0
ARGSLAVTI,0
ARGYISTRVEMGEAA,0
ARIAGINIPDHKHAVIALTSIY,0
ARIYYRYDGFAY,0
ARLIVF,0
ARLPPSLHL,0
ARNIHVEAGEATGLAWDPWWTVINK,0
ARPDYNPL,0
ARPKQRRPQGLPNNT,0
ARQAIK,0
ARQKLKDAER,0
ARQPDLI,0
ARQPYGFFLETEEVYQPG,0
ARQQTVSALE,0
ARQQTVSALEDKLA,0
ARRPEGRT,0
ARRRGDSTASLLSP,0
ARSATTTS,0
ARSLATLFSPGARQQ,0
ARSLDWTKVTLDGRPLSTIQQYSKT,0
ARSLVNLFTPGARQN,0
ARSVLETLAGHVDALG,0
ARTEGIIGKEWYKMVFNDFD,0
ARTGEG,0
ARTMQYVD,0
ARTTSGL,0
ARWVEW,0
ASAACR,0
ASAFSRPGLPVEYLQ,0
ASALEEEE,0
ASAPTAAAAASGGAAAPAAAAEEEEDDDMGFG,0
ASAPTAAAAASGGAAAPAAAAEEEEDDDMGFGLFD,0
ASARGDLAHLTTT,0
ASARGDLAHLTTTHARHLP,0
ASATKDGSHYKITGTATGVD,0
ASCPVQQYPSGPCEASVCDT,0
ASDILTTLSSTTETAAPAVADARKPPSGKKK,0
ASDLRSSS,0
ASFDRS,0
ASFEAQGALANIAVDKA,0
ASFFD,0
ASFRLFARTRSMWSF,0
ASGAKEEAEKKAAEQRALL,0
ASGASAVGFRERSPTEQKTCDDVNTEPVVPGREQPRAE,0
ASGGSVASGGSVASG,0
ASGKEAKVCTISPIMGYSTP,0
ASGLTSLFSPGSKQH,0
ASGLVSMFSV,0
ASGQ,0
ASGQVK,0
ASHAHKSHRKPKRSWNVYVG,0
ASHLEQYGTNEYS,0
ASHLPYFEQGMQLAEQFKQK,0
ASHLPYIEQGMHLAEQFKQK,0
ASHLPYIEQGMQLAAEFKQK,0
ASHLPYIEQGMQLAEQFKQK,0
ASHLPYIEQGMQLAEQLKQK,0
ASHLPYIEQGVQLAEQFKQK,0
ASHPLGRCLSHT,0
ASHTVKPRHHPTQRR,0
ASICQMFCFWRGDLVFDFQV,0
ASIDNINKNINCINNDVDNINSNINNINDNIHKINSNVYGN,0
ASIDWREYGYVTEVKDQGNC,0
ASILCKCYTTGTIIN,0
ASINKFVV,0
ASINKFVVLISATLVLSFAI,0
ASINKV,0
ASKAALIEEGQRMAEMLKSK,0
ASKATLIEEGQRIAEMLKSK,0
ASKLCLGWLWG,0
ASKNLDLTNITHVE,0
ASLEDAKKEGPYDVVVLPGGNLG,0
ASLKDALLKYIYDNRGTLI,0
ASLKMADPNRFR,0
ASLKMADPNRFRGKD,0
ASLLTTAEVV,0
ASLQEILTRL,0
ASLQNLLSAS,0
ASLREAPPA,0
ASMLGTVTNSPGVPAVPWGA,0
ASNTSPASAPNALTVAAINKSNARASFSNYGSVVD,0
ASPTGYDWRADW,0
ASQASNVFQGVFLTNNMLQHDC,0
ASQASNVFQGVFLTTPMQKDDC,0
ASQKIQLI,0
ASQKIQLV,0
ASQKRPSQR,0
ASQKRPSQRHGSKY,0
ASQKRPSQRHGSKYLATAST,0
ASQLPYIEQGMQLAEQFKQK,0
ASQPGSSEPSNPVSSGHSVSTVSVSQTSTSSEKQDTIQ,0
ASRAALIEEGQRIA,0
ASRAALIEEGQRIAEMLKSK,0
ASRAALLEEGQRIAEMLKSK,0
ASRDKAFAVSKDLADKL,0
ASREAK,0
ASREAKKQVEKA,0
ASREAKKQVEKALE,0
ASRGNHVSPTHYVPESDAAARVTAI,0
ASRGTSMDDEAD,0
ASRQAEVIA,0
ASSAAEFLAAFNVFSEAARC,0
ASSAVDDAPWAVITF,0
ASSEEETPAWMMEGVFEAW,0
ASSGIGPE,0
ASSGIGPEKA,0
ASSHRALARLRTACERAKRT,0
ASSRSSSRSRGNSRNST,0
ASTAAPPYTNEQAYQMLLAL,0
ASTGGAYQSYKFIPALEAAV,0
ASTNRQSGRQPTPISPPLRDSHPQ,0
ASTTNCIGSQCLMTN,0
ASVASGASGGSGNSK,0
ASWAIKWEYVVLLFLLLADA,0
ASWDWRKKGV,0
ASWFTALTQHGKEELRFPRGQ,0
ASYKVMTRSSHQSLV,0
ASYNKSLGAAPIRTQPRWNY,0
ASYVKKPKEDVD,0
ATAANAAPTNDK,0
ATALDTSN,0
ATALDTSNKFADFLQI,0
ATALPKNETPEVTKAEETKT,0
ATAPPTHFW,0
ATCDKLFGYYERGIPLPCAL,0
ATCMQADLEVMTST,0
ATCMQVNLEIMTST,0
ATDKEGKDVLVCNK,0
ATDLLAAYPLYSPSL,0
ATEEVGAAKIPAGELQIVDKIDAAFRIAATAANAAPVNDKFTV,0
ATEINDNSWKDTLS,0
ATEKSNVVRGWV,0
ATELNNALQNLARTISEAGQAMAS,0
ATEVEQKE,0
ATGFKQSSKALQRPVAS,0
ATGLRNVPQIESRGLFGAIAGFIEG,0
ATGNLPGCSF,0
ATGNLPGCSFSIFLL,0
ATGVDMANPMSPVNKSFEIE,0
ATGWQTIDGKKYYFNTNTAEAATGWQTIDGKKYYFNTNTAIAST,0
ATHFMRI,0
ATLCSALYVG,0
ATLCSALYVGDLCGS,0
ATLEPKTGPRDGGTV,0
ATLRKY,0
ATLRKYCI,0
ATLSALLPVHPR,0
ATLVVNRIRGGF,0
ATMILAYAMRVPEVI,0
ATMPCLSHPSVCKHLY,0
ATNGDTHLGGEDFDN,0
ATNREKMI,0
ATPERPRL,0
ATPYHPPATP,0
ATQAATVAVTPEETAVASPP,0
ATQAGRFSITPAAPSYTLKL,0
ATREEVKAAIP,0
ATRPNAATASAP,0
ATRQAQDIQ,0
ATSGLVMLCIHGSPVNSYTNTPYTGALGLL,0
ATSRSTMQLASFFTPG,0
ATSRSTSQLTSLFSFG,0
ATSSYTFSYIAQE,0
ATTKLAEASQAADES,0
ATTVPAS,0
ATVLAQALVREGLRN,0
ATVSSNGD,0
ATVSSQSF,0
ATVSSQSFRR,0
ATWSRPIYFDIT,0
ATWVCGPCT,0
ATYDISRVEHAIVYHIYSTGRLSSYYYP,0
ATYTTGGAQS,0
ATYTTGGAQSHTLRGVTSFFSPGASQKIQLI,0
ATYTTGGSAAKTAHRLASFFTVGPKQD,0
ATYTTGGTAGHYTSKFASLFSSGSSQKIQLI,0
AVAADNSSTKNLTSNLTLCELNVTGFQQHF,0
AVAASNNPELTTLTAALSGQ,0
AVADVTPKQLKAAL,0
AVAEAEGG,0
AVALADLGDFENSA,0
AVAPAHDTPPVPDVDSRGAILRRQYNLSTS,0
AVARSAQSLTSLFVSG,0
AVASPPATASVESSPLPAAA,0
AVASRRRPTTAGAAPLTAVAPAHDT,0
AVAVSPPAAAGDLVGPGCAE,0
AVAYPVSAYVPAWVS,0
AVCLGGLIGIPALIC,0
AVDSAARIHDFRYSQLAKLG,0
AVDTGSGGGGQPHDTAPRGARKKQ,0
AVEVDPDDVN,0
AVEVDPDDVNKNTL,0
AVFVTLYMPQLSY,0
AVFVTSEMPQLPY,0
AVFVTSFLPQLSY,0
AVGIMTVTMTFKLGPRKATG,0
AVGPGRWDED,0
AVGPN,0
AVGYRASRTVSLFSPG,0
AVIEPIVAT,0
AVIEPIVATNWQKL,0
AVILLMCAVHPTLV,0
AVIRGKKGSG,0
AVIRRANNVLKNEMKRYKGL,0
AVITWRALNK,0
AVKDSKSRG,0
AVKLQNNELSPVALR,0
AVLEDPYILLVSSKVS,0
AVLFFGRCVS,0
AVLHTA,0
AVLLGACS,0
AVLLGACSFS,0
AVLNLTTW,0
AVLRDC,0
AVLTGYSLFQKEKMVLNEGTS,0
AVLTSMLTDPSHITA,0
AVLTSMLTDPSHITAETAKR,0
AVMRERGVYDTV,0
AVNDT,0
AVNHIH,0
AVPLYNRFSY,0
AVPNLRGDLQVLAQKVARTL,0
AVPNVRGDLQ,0
AVPTGVAFWLYNDHD,0
AVQAFILTGGKSKQTEGLLL,0
AVQGFNW,0
AVRTKLKLTPIAAAG,0
AVSLDFSPGTSGSPI,0
AVSVDCSEYPKPDCT,0
AVTFASFDVPSKQPT,0
AVTFSKG,0
AVTGID,0
AVTKGTINDPEA,0
AVTKGTINDPQAAKEALDKY,0
AVTLAHELIHAGHR,0
AVTMGPKGRT,0
AVTPLGPPAAEY,0
AVTPLGPPDAEY,0
AVTPTVATRDGKLPT,0
AVTRGTINDPQRAKE,0
AVTRGTINDPQRAKEALD,0
AVTRGTINDPQRAKEALDKY,0
AVTRGTINDPQRAKEALDYE,0
AVVAPDKEVLYEAFDEMEEC,0
AVVAVPSYIPTWIG,0
AVVGGLGGY,0
AVVLKAGNEGLE,0
AVVYNNEGTNVELG,0
AVYYCTRGYHGSSLY,0
AWDFGS,0
AWDFSSAGGFFTSVG,0
AWDMMMNWS,0
AWGDK,0
AWGGSGSEAYQGVQQKWDATATEL,0
AWITEDCPVP,0
AWLVHR,0
AWLVHRQWFLDLPLPW,0
AWPACYCYGLPDSVK,0
AWPACYCYGVPDHIK,0
AWPAGAGR,0
AWYYVPLGTQ,0
AYANSTQEETF,0
AYAQQTRGLLGTIVT,0
AYEQPIERTVVGHQTLRDIFVWG,0
AYESGYNLP,0
AYFLYQQQGRLDKL,0
AYFPREGVFVFNGTSWF,0
AYFYPELFRQ,0
AYFYPELFRQFYQLDAYP,0
AYGGIIKDAPPGAGFIYRETFC,0
AYICWNYDNAYCDKL,0
AYKSAEGATPEAKYDDYVAT,0
AYLSPIDLNQLAK,0
AYLTEAKVEKL,0
AYLTVGDVNTQGISGDSKKLASEES,0
AYNAAGGH,0
AYPDV,0
AYQKALAAYQAELKRVQEA,0
AYQQGVTVDSIGMLPRFIPE,0
AYQVRNSTGLYHVTNDCPNS,0
AYRFNGIGVTQNVLY,0
AYSMSFSWDWSGHNY,0
AYSNCYPYDVPDYASLR,0
AYSNNTIAIPTNFSISI,0
AYSPASKTF,0
AYSPASKTFESYRV,0
CAALANSLSLGPQQKV,0
CAALASLFLSLGPQQK,0
CADARMYGVLPWNAFPGKVC,0
CADGYTAETINEAIIKICG,0
CADSWGLDLRC,0
CADVSQPVC,0
CAEETKNGGVPFKCKNN,0
CAGFEKIPC,0
CAHKVEQGASVDKRH,0
CAISGGYPVC,0
CAKKVWRDHRGTI,0
CAKSMSLFEVDQTKI,0
CAKSPRYTLD,0
CALAATDVGHKKENAANVNGTVG,0
CALGLTSLFSPGPIQH,0
CAMFTC,0
CANLLLQYGSFCTQLNRALSGIA,0
CAPESIEFPVSEARVLED,0
CAQQWPEWYPC,0
CAREYGTNRWVC,0
CARPHGASEESQSVTFNKPLNTPQ,0
CARSLATLFSPGARQQ,0
CARSLVNLFTPGARQN,0
CASGLTSLFSPGSKQH,0
CASHLPYIEQGMQLAEQFKQKA,0
CASKAALIEEGQRMAEMLKS,0
CASYHTVSLLRSTSQKS,0
CAVFVRSGQPVIGA,0
CAVRQHRL,0
CCDLAP,0
CCDLAPEARQAIKS,0
CCDLDPQARVAIKS,0
CCNGIRTINGLARTT,0
CCNLEPEARKVISS,0
CCPDKNKS,0
CCRGRCNKKGEQVGM,0
CCRHKQKDVGDVKQTLPPS,0
CCRHKQKDVGPVKQTLPPS,0
CCRHKQKIIAPAKQLLPPSGSGRRGDMGSLAARVVKQPCG,0
CCRHKQKIVAPVKQTLPPS,0
CCRHKQKIVAPVKQTLPPSVPNLRGDLQVLAQKVARTPCG,0
CCRHKQKIVDPVKQTLPPS,0
CCRHKQKIVGDVKQTLPPS,0
CCRHKQPLIAPAKQLLPPSASARRGDLAHLAAAHARHPCG,0
CDCDRTAA,0
CDGYCKTHLKASSGY,0
CDICTNTMDVIKKML,0
CDIKDPIRLEPGGPD,0
CDIPIGAGICASYHTVS,0
CDLAPE,0
CDNPASTTNKDKDNPASTTNKDKDNPASTTNKDK,0
CDPLDDAC,0
CDPPIDLDC,0
CDPQPDFSC,0
CDPTMDY,0
CDQTTGETIYTKKTCTVSEEF,0
CDSSDRPRVYTIT,0
CDTAGLAGLFNLGPKQT,0
CDTATRTYSVQVRGSMDYVS,0
CDWYFVPTDEGWTND,0
CECTKPDSYPLFDGIFCSSSN,0
CEDTITYKCPLLRQNEPEDIDCW,0
CEEMLDNRATLQAIA,0
CEKAKRAVRGRQDRPKEFP,0
CEKDERFFSDKIAK,0
CEKMAL,0
CEQIREAI,0
CEQVLRLAVVTSTEGIHQLQ,0
CESSLCLMYSLGPPA,0
CETDDLDEEDTSIYLSPPPVPPVQVVAKRLPRPDTPRT,0
CETEFSKL,0
CETEFSKLY,0
CEYNVFHNKTFELPRA,0
CFDPQIQAIVSSPCHN,0
CFDVFKELK,0
CFDYAPYVSAVDDIC,0
CFEIKCTKPEACSGEPVVV,0
CFGKDLKRPGSSPMEV,0
CFGNSEY,0
CFIRPAGFCDGYCKT,0
CFIRPSGYCGRECGI,0
CFKGVRLDGTPC,0
CFKKPPKYPPALPI,0
CFLLFSGCFALREQA,0
CFLNISNTHVSV,0
CFNPAHTLTLSQP,0
CFPYCYPSESA,0
CFQQACKGKIQALCE,0
CFQQACKGKIQALCENPEWAPLKDNRIPS,0
CFQQACKNKIQALCENPEWAPLKDHRIPS,0
CFRGLDVAGNVC,0
CFRHLDER,0
CFVHGTMGHFILAKCPPGEF,0
CGAATSLL,0
CGAVIDDC,0
CGDELEAETQNVYAAGC,0
CGDELEAETQNVYAAPNANPYSLFQKEKMVLPNANPPANKKNAGC,0
CGELGVDC,0
CGETGIDSQSQGSFQAPQSSNS,0
CGFADLMGYIPLVGAPLGGAARALA,0
CGGLTNLFSLGSQQKV,0
CGGTPPSLPTC,0
CGGTRRPIASC,0
CGGVAGLFKMGSQQKL,0
CGGVHFAYC,0
CGIKKGSSGYCAWPA,0
CGIVPASQVCGPVYCFTPSP,0
CGKKSKEFHPDKGGDEEKMKKMN,0
CGKYLFNWAVRTKLK,0
CGLFGK,0
CGLFGKGSIVACAKF,0
CGLRAPQRCDLDVES,0
CGMFTGLFNQGAQQKL,0
CGNANPNANPNANPNANPGC,0
CGNGTPNELGGANIPAEFLE,0
CGPFFLAASVC,0
CGPFFLSPTSC,0
CGPFYLSAPQC,0
CGPKLSTDLIKNQCVNF,0
CGPKLSTDLIKNQCVNFNFNGLTGTGVLTPSSKRFQPFQQFG,0
CGPKLSTDLIKNQCVNFNFNGLTGTGVLTPSSKRFQPFQQFGRDVSDFTD,0
CGQPVTRTDDDTVA,0
CGRECGIKKGSSGYC,0
CGRVCLRC,0
CGSDNKTYGNKCNFC,0
CGSVAGA,0
CGSVFLVGQLFTFSPRRHWT,0
CGSVFLVSQLFTLSPRRHET,0
CGVVVLQC,0
CGWAGWLLSPRG,0
CGYGGPANKKNAGC,0
CGYSLFQKEKMVLGC,0
CHARKAVAHINS,0
CHARKAVTHINS,0
CHGIFTLTWEIWGY,0
CHGSEPCIIHRGKPF,0
CHHSPEEYQPC,0
CHILGPDCCIEPHDW,0
CHILGPDCCIEPHDWTKN,0
CHPSDGKCN,0
CHQLGKQRC,0
CHRPHGPG,0
CIEFVQQEVDYIIDH,0
CIITSLTGR,0
CIKVATVQSKMSDVK,0
CILRQLRHLPSRVRYPHYS,0
CITQYERESQAYY,0
CITQYERESQAYYQRGS,0
CITQYQRESQAYYQRG,0
CITQYQRESQAYYQRGASVI,0
CITTIYKTGQPAADHYYSKVTA,0
CIVNRRTSFFNLGPSQR,0
CKAILTPTDLAVSNPLTVYLAWVPANSPATPTQILR,0
CKALQEQCRFPN,0
CKEDHRYAISTTNEIGLHGAEGLT,0
CKEDYRYAISSTNEIGLLGAGGLT,0
CKFDEDDSEPVLKGVKLHYT,0
CKFTLVLTKCGSQVL,0
CKGKIQALCENPEWA,0
CKGLNGLFDLGPKQKI,0
CKGTHGGTGAGAGAGGAGAG,0
CKHSMV,0
CKIPFEIMDLEKRHVLGRL,0
CKKNME,0
CKKNMEGKVVLPENLEYTIV,0
CKLSCFIRPSGYCGR,0
CKLSQGAPDSC,0
CKPIDAERGLC,0
CKRGPDSG,0
CKRGPDSGFFSRLNWLY,0
CKRGPDSGFFSRLNWLYKSGSTYPVQNVTMPNNDNS,0
CKSQVADKDDPTNKFYQSVIQLGNGFLDVFTSFGGLVAE,0
CKTANGTAIPIGGGSANVYVNLAPVV,0
CKTC,0
CKTCTTPAQGNSKFPSCCCTKPTDGNC,0
CKTCTTPAQGNSMF,0
CKTCTTPAQGNSMFPSCCCTKPTDGNCTCIPIPSSWAFAKYLWEWAS,0
CKTHLKASSGYCAWP,0
CKVQRQYDEQQKEQC,0
CLAGLLTMV,0
CLAVLLGA,0
CLAVLLGACS,0
CLDDREC,0
CLDNIKDNVGKMEDYIKKNKKPYSLFQKEKMVLG,0
CLDSSRGIC,0
CLFKDWEELGEEIRLKV,0
CLFYASEMSEKGFKVIF,0
CLGDINARDLICAQKFN,0
CLGGLLTMV,0
CLGHHAVPNGTLVKTITNDQIEVTNATELVQSSSTGKIC,0
CLGIASFLIRGPKQNI,0
CLGQNSQSPTSNHSPTSCPPTCPGYRWMCLRRFI,0
CLHPDKDSC,0
CLLCAHKVEQGASVD,0
CLSATCDCTLCGP,0
CLTFGRETVIEY,0
CLVSFGLSC,0
CMENNSGWKVSLNYGEIIW,0
CMKKDDQIAAAMVLRGMAKDGKFALK,0
CMQWMRSMRG,0
CMRLGSSIC,0
CMTTAQGTSMYPSC,0
CMYSNNNVEDMYSNNNVED,0
CNDSLNTGWLAGLFY,0
CNDSLQTGFLAALFY,0
CNEKSFKDILPKLTENPWQ,0
CNFCNAVVES,0
CNICEGDSACLSLCQDR,0
CNIGGLGNNTLICPTDCFRK,0
CNKDLRPICGTDGVT,0
CNKKGEQVGMSRPGL,0
CNNKPSNRC,0
CNNPHRIL,0
CNNPHRILDGINC,0
CNNPHRILDGINCTLIDALLGDPHCDGFQNEKWDL,0
CNPPDCPGVGTG,0
CNRAFNPVCGTDGVTYDN,0
CNRFAGMFSLGARQKI,0
CNRLGGLFNFGPKQKI,0
CNRLPRELC,0
CNTHGIASLFAFGPAQK,0
CNWTRGER,0
CNWTRGERCDLEDRDRSELS,0
CNYSKFWYLEHAK,0
CNYSKYWYLNHTTTG,0
CPECRPLGLQGCAFQSTVAELQRLK,0
CPENSGCF,0
CPFDTSPVVKGKYNTTLLNGSAF,0
CPFIKPEVKPGTPA,0
CPFLKQNEPEDIDCW,0
CPFLPKPKVASEAFMSTNKM,0
CPHPDKASC,0
CPKDELRPLEKVLESKTRAI,0
CPKNRKDSC,0
CPKTALTEPPTLAYSPNRQIC,0
CPKYVKQNTLKLATGLRNVPQIES,0
CPKYVKQNTLKLATGMRNVPEKQT,0
CPKYVKQNTLKLATGMRNVPEKQTR,0
CPKYVKSEKLVLATGLRNVPEKQT,0
CPNSLTPADPTMDY,0
CPPHPNLRGICR,0
CPPLRAWRHRARAV,0
CPPRRRAG,0
CPRPPRAVAYYGPGVDYK,0
CPRSPRYTLD,0
CPSGTYEGNSPFHPLADNKF,0
CPVVIGYANGSCNQDASSAA,0
CQCPPDTKPGEIGCI,0
CQEKECCKECCCPRIKAFKKFINTFEKAQIGKEAPEFKAPA,0
CQIFANILLN,0
CQIYPPNANKIREALAQ,0
CQKAGGVAL,0
CQQFLSVRALC,0
CQQLAD,0
CQQTLSVRALC,0
CQRQFEEQQRFR,0
CQTPVNGNSPWAPTAPLPGDM,0
CRAAKL,0
CRAMVK,0
CRCEGLRMMMMRMQ,0
CRFPNITNSHVPILQE,0
CRFPNITNSHVPILQERPPLENR,0
CRFPNITNSHVPILQERPPLENRVLTGYGL,0
CRGDDFPAWYC,0
CRGFTSFKKPPTPPPEPET,0
CRGGEPPSPKTCGSYTYTYQ,0
CRKELAAVSVDCSEY,0
CRLRMD,0
CRQCTISYQDMYTPPYCCCLKPTAGNC,0
CRQLGKQRC,0
CRQTRTMPGC,0
CRRVASFLIRGSAQKI,0
CRSACVYFTEYENSG,0
CRTCAHPGEHA,0
CRTCTTPAQGTSMY,0
CRTLTGMFSLGARQKI,0
CRTNYGYS,0
CRWPDVLLWC,0
CRYNRNAVPNLRGDLQVLAQKVARTLP,0
CSAGICFSE,0
CSAMYVGDLCGSVFL,0
CSASFCIMPPSI,0
CSDTIDAGKD,0
CSETFTNKLKEKH,0
CSETFTNKLKEKHTDLGKEGV,0
CSEYPKPDCTAE,0
CSEYREPLLC,0
CSFSSIPN,0
CSFSSIPNGT,0
CSGFVGLFSPGPSQRI,0
CSGFVSLLAPGAKQN,0
CSGLSSLFTPGPKQQI,0
CSGLVGLFTPGAKQNI,0
CSGPTTIRGQFS,0
CSICSNNPTCWAICK,0
CSISNIETVIE,0
CSIYGSTIAGS,0
CSKPKNRTC,0
CSNKSKR,0
CSNSDKPKCGGS,0
CSPHHTALRQ,0
CSPRTG,0
CSQAAPYIE,0
CSQHCPYIEQGMMLAEQFKQ,0
CSQHLPYIE,0
CSQHLPYIEQGMQLA,0
CSQNPLAELKCSVKSFE,0
CSQNPLAELKCSVKSFEI,0
CSQNPLAELKCSVKSFEIDKGIYQTSNFRVVPSGD,0
CSRIIPARARVECFD,0
CSSLEKTKHRLQNEIEDL,0
CSSSTSHATSSTHNGSHTSRTTS,0
CSSYANTTSEDGKVM,0
CSTKAIGRTILKENIKYEVA,0
CSTLVEKDVAPKDELEMLAW,0
CSVSYLMKKMIPLAVEKLL,0
CSVTCGVGVRVRRRVNAANK,0
CSVTCGVGVRVRSRVNA,0
CTARENPAYG,0
CTARVAGLFNPGSQQR,0
CTARVAGLFSPGSQQR,0
CTASNKNRGIIKTFSNG,0
CTAVSPTTLRTEVVKTFRREK,0
CTDGNKEN,0
CTDTDKLF,0
CTDVSTAIHADQLTPAW,0
CTDVSTAIHADQLTPAWRIYSTGNNVFQTQAG,0
CTEKFTFSKNPADTG,0
CTGDARHC,0
CTGDKENVYPSQNFGHMHKSEKDRGC,0
CTGFSKHNNMGSQQKV,0
CTGFSNLFNLGSQQKV,0
CTGGLVSLFNPGPSQD,0
CTGKFKIVKEIAETQHGTIVIRVQYEGDGSPC,0
CTIAALGSSDRDTVV,0
CTINYTIFKIRMYVGGVEHR,0
CTIPAQGTSMFPSCCCTKPSDGNC,0
CTIPAQGTSVFPSCCCTKPSDGNC,0
CTKKKSS,0
CTKPEACSGEPVVVHITDDNEEPIAPYHFDLSGH,0
CTKPTDGNC,0
CTKPTDGNCTCIPIPSSWAF,0
CTLTTSPRLPVF,0
CTNGLTALFTPGAKQN,0
CTPATLLLC,0
CTPPALNCYWPLNDYGF,0
CTQSLAGLFRPGASQN,0
CTSGFTGLFSSGAKQT,0
CTSPAQGTSMFPSCCCTKPTDGNC,0
CTSPYDGKYWSMYSRL,0
CTSRFASLFNLGPQQQ,0
CTSSLTSIFTQGAKQN,0
CTTAVPWN,0
CTTFDDVQAPNYTQHTSSMR,0
CTTFDDVQAPNYTQHTSSMRGVYYPDEIFR,0
CTTPAGNSMFPSCCCTKPTDGNC,0
CTTPAHGTSMFPSCCCTKPTDGNC,0
CTTPAQGASMFPSCCCTKPTDGNC,0
CTTPAQGNSMFASCCCTKPTDGNC,0
CTTPAQGNSMFPACCCTKATDGNC,0
CTTPAQGNSMFPACCCTKPTDGNC,0
CTTPAQGNSMFPACCCTKPTNGNC,0
CTTPAQGNSMFPSC,0
CTTPAQGNSMFPSCCCTKPTDGNC,0
CTTPAQGNSMFPSCCCTKPTNGNC,0
CTTPAQGTSMFPSCCCTKPTDGNC,0
CTTPQGNSMFPSCCCTKPTDGNC,0
CTTSGFASLFRLGPSQK,0
CTTSGLASLFNSGARQH,0
CTVSEEFPTITPNQGRCFYCQCS,0
CTWQQWERELQGYD,0
CTYEITTRECKTC,0
CTYSFVSLLSPGAKQN,0
CVCRSCRTMSLQKTVEKLFD,0
CVCRSCRTMSLQKTVEKLFDELDKDKSGKISCAELKSALQ,0
CVCRSCRTMSLQKTVEKLFDELDKDKSGKISCAELKSALQSCSAEPLDDDH,0
CVFKDWEELGEEIRLKV,0
CVGSQV,0
CVHPDKDSC,0
CVKKQCPE,0
CVKSQTTRIN,0
CVLADSESGGHITHS,0
CVLAWNTRNIDATSTGN,0
CVLESHYEC,0
CVNFNFNGLTGTGVL,0
CVNITIKQH,0
CVQPEK,0
CVRSNEEFDPVDDGPDDETDLSKLSKD,0
CVTGHWRC,0
CVTIMTVDNPASTTNKDK,0
CVTIMTVDNPASTTNKDKLFAVWKITYKDT,0
CVTQTVDFSLDPTFTI,0
CVTQYQKESQAYYD,0
CVWNNKTPNS,0
CWAFSGVAATESAYLAHRNQSLDLAEQELVDCASQHGCHGDTIPRGI,0
CWGELMTLATWV,0
CWGELMTLATWVGVNLEDPASRDLV,0
CWVDNEEDIDVILK,0
CWVDNEEDIDVILKKSTI,0
CXTC,0
CYCYGLPDSEPTKTN,0
CYCYGLPDSVKIWTS,0
CYCYGVPDHIKVWDY,0
CYDLSCNQTVCQ,0
CYGDWA,0
CYGLPDSEPTKTNGK,0
CYGLPDSVKIWTSET,0
CYGLTTLFDPGPRQQI,0
CYGVPDHIKVWDYAT,0
CYGVSATKLNDLCFSNV,0
CYKKVWADHRGTI,0
CYKKVWRAHRGTI,0
CYKKVWRDHAGTI,0
CYKKVWRDHRGTI,0
CYPKLGALTHC,0
CYPKNPRENKLKQP,0
CYPYDVPDY,0
CYRGARVDGLMC,0
CYRGVTLAGHRC,0
